date,stock_id,source,title
2024-01-01 03:00,2330,經濟日報,晶圓雙雄再成焦點 台積電平穩向上、聯電爆量上揚 該買哪一檔？ - 經濟日報
2024-01-01 08:00,2330,Yahoo奇摩股市,【台積電股東爆下車潮2】600元是散戶心中天花板價？專家這麼看 - Yahoo奇摩股市
2024-01-01 08:00,2330,Yahoo奇摩股市,【台積電股東爆下車潮1】台積電股價創21月新高31萬股東卻下車了 - Yahoo奇摩股市
2024-01-01 08:00,2330,Yahoo奇摩新聞,台積電今年重返成長軌道 營收挑戰2.5兆元…年增逾15% - Yahoo奇摩新聞
2024-01-01 08:00,2330,Yahoo奇摩新聞,「短命千金」拖累台股！航運撐盤、台積電終場給力上甩台股跌77點至17853點 - Yahoo奇摩新聞
2024-01-01 10:06,2330,自由財經,台積電被列中企市值500強榜首 慘遭中網友酸爆 - 自由財經
2024-01-01 14:16,2330,Yahoo奇摩新聞,台積電18日法說重回實體模式 法人看登700元 - Yahoo奇摩新聞
2024-01-01 22:29,2330,Yahoo奇摩新聞,台積電18日辦實體法說 四年來首見 - Yahoo奇摩新聞
2024-01-02 00:35,2330,Yahoo奇摩新聞,台積電被列「中企500強榜首」 中國網友酸：意淫傷身 - Yahoo奇摩新聞
2024-01-02 01:40,2330,Yahoo奇摩股市,【台積電股東爆下車潮2】600元是散戶心中天花板價？專家這麼看 - Yahoo奇摩股市
2024-01-02 01:41,2330,Yahoo奇摩股市,【台積電股東爆下車潮1】台積電股價創21月新高31萬股東卻下車了 - Yahoo奇摩股市
2024-01-02 01:51,2330,自由財經,台積電被列中企市值500強榜首 慘遭中網友酸爆 - 自由財經
2024-01-02 02:02,2330,四季線上4gTV,日媒：台積電熊本廠擬2024年2/24開幕｜四季線上4gTV - 四季線上4gTV
2024-01-02 03:31,2330,Yahoo奇摩股市,台積電1/18回歸實體法說會聚焦展望及全球布局 - Yahoo奇摩股市
2024-01-02 03:33,2330,Yahoo奇摩股市,《熱門族群》台積電及一軍均失守短均開紅盤AI表現不利 - Yahoo奇摩股市
2024-01-02 05:37,2330,ETtoday財經雲,台積電持平收593 台股跌77點來到17854點 - ETtoday財經雲
2024-01-02 05:48,2330,Yahoo奇摩新聞,發哥掰了千金「重跌3%」！攜AI、台積電拖累 台股重跌百點「摜破17800點」 - Yahoo奇摩新聞
2024-01-02 07:30,2330,Yahoo奇摩新聞,「短命千金」拖累台股！航運撐盤、台積電終場給力上甩 台股跌77點至17853點 - Yahoo奇摩新聞
2024-01-02 08:00,2330,經濟日報,晶圓雙雄再成焦點台積電平穩向上、聯電爆量上揚該買哪一檔？ | 市場焦點| 證券| 經濟日報 - 經濟日報
2024-01-02 08:00,2330,聯合新聞網,600以下台積電（2330）是天上掉下來的禮物？ 專家：祈禱護國神山持續頂住台股基本面| 聯合新聞網 - 聯合新聞網
2024-01-02 08:00,2330,Yahoo奇摩新聞,台股暴跌320點！今年開頭臉超綠 「台積電重挫17元」市值失守15兆 - Yahoo奇摩新聞
2024-01-02 08:00,2330,Yahoo奇摩股市,台積電暴跌17元市值一天蒸發4400億元15兆元大關失守 - Yahoo奇摩股市
2024-01-02 08:00,2330,Yahoo奇摩股市,台積電重挫13元聯發科大立光臉綠台股早盤大跌逾240點 - Yahoo奇摩股市
2024-01-02 08:00,2330,Yahoo奇摩股市,【台股盤中】台積電跌15元指數重挫逾300點摜破17600點 - Yahoo奇摩股市
2024-01-02 08:21,2330,ETtoday財經雲,台積電4年來首場實體法說 董座劉德音退休、海外設廠成必考題 - ETtoday財經雲
2024-01-02 08:50,2330,Yahoo奇摩新聞,兩岸三地市值500強 台積電重登市值王寶座 - Yahoo奇摩新聞
2024-01-02 08:54,2330,豐雲學堂,三大法人買賣超– 外資買超(2330)台積電、(2618)長榮航，投信買超(2891)中信金、(5483)中美晶，法人合計賣超31.2億 ... - 豐雲學堂
2024-01-03 01:02,2330,ETtoday財經雲,蘋果重挫！台積電跌10元至583 指數殺近170點失守17700 - ETtoday財經雲
2024-01-03 01:15,2330,Yahoo奇摩新聞,快訊／台積電跌9元！台股開盤重挫逾百點 失守17700關卡 - Yahoo奇摩新聞
2024-01-03 01:28,2330,ETtoday財經雲,美股費半重挫 台積電跌逾10元險守15兆市值 - ETtoday財經雲
2024-01-03 01:31,2330,Yahoo奇摩股市,台股早盤挫逾190點失守17700點台積電跌10元 - Yahoo奇摩股市
2024-01-03 01:32,2330,自由財經,台積電被列中企市值500強榜首 慘遭中網友酸爆 - 自由財經
2024-01-03 02:11,2330,Yahoo奇摩股市,台積電重挫13元聯發科大立光臉綠台股早盤大跌逾240點 - Yahoo奇摩股市
2024-01-03 02:12,2330,Yahoo奇摩股市,AMD先進封裝委由台積電Turnkey主導，力成未入列 - Yahoo奇摩股市
2024-01-03 02:19,2330,聯合新聞網,隨美股重挫台積電面臨580元保衛戰 市值降至約15兆元 - 聯合新聞網
2024-01-03 02:43,2330,Yahoo奇摩股市,《熱門族群》台積電失守月線廣達力穩機殼廠勤誠逆攻 - Yahoo奇摩股市
2024-01-03 02:49,2330,Yahoo奇摩股市,【台股盤中】台積電跌15元指數重挫逾300點摜破17600點 - Yahoo奇摩股市
2024-01-03 03:02,2330,Yahoo奇摩股市,台積電暴跌17元市值一天蒸發4400億元15兆元大關失守 - Yahoo奇摩股市
2024-01-03 03:11,2330,自由財經,台積電重挫市值失守15兆元大關- 自由財經 - 自由財經
2024-01-03 03:43,2330,聯合新聞網,台積電盤中一度下探576元、大跌17元 市值跌破15兆 - 聯合新聞網
2024-01-03 04:05,2330,ETtoday財經雲,台積電遭殺紅眼！股價一度重挫17元 市值失守15兆 - ETtoday財經雲
2024-01-03 05:05,2330,Yahoo奇摩新聞,台股暴跌320點！今年開頭臉超綠 「台積電重挫17元」市值失守15兆 - Yahoo奇摩新聞
2024-01-03 05:13,2330,經濟日報,瑞銀開第一槍調降台積電目標價 台積電重挫跌破月線 - 經濟日報
2024-01-03 05:13,2330,經濟日報,瑞銀開第一槍調降台積電目標價台積電重挫跌破月線| 市場焦點| 證券| 經濟日報 - 經濟日報
2024-01-03 05:37,2330,ETtoday財經雲,台股殺294點痛失三關 台積電重摔15元收578 - ETtoday財經雲
2024-01-03 05:39,2330,聯合新聞網,台積電2024年營運復甦兩逆風 法人憂毛利率不保53% - 聯合新聞網
2024-01-03 06:26,2330,Yahoo奇摩股市,【台股盤後】跌294點收17559點台積電失守月線 - Yahoo奇摩股市
2024-01-03 08:00,2330,Yahoo奇摩股市,台積電CoWoS產能滿載，AMD或另覓其他合作夥伴 - Yahoo奇摩股市
2024-01-03 08:00,2330,經濟日報,晶圓雙雄再成焦點台積電平穩向上、聯電爆量上揚該買哪一檔？ | 市場焦點| 證券| 經濟日報 - 經濟日報
2024-01-03 08:05,2330,Yahoo奇摩新聞,運輸、防疫類股扛不住！台積電帶頭下殺 台股「破三關」慘崩294點收17559點 - Yahoo奇摩新聞
2024-01-03 08:32,2330,富聯網,《半導體》台積電18日法說 - 富聯網
2024-01-03 14:13,2330,Yahoo奇摩股市,雙王法說將登場外資先升台積電目標價 - Yahoo奇摩股市
2024-01-04 01:13,2330,聯合新聞網,台積電與聯發科開盤雙漲 台股上漲15點 - 聯合新聞網
2024-01-04 01:49,2330,自由財經,台積電全年營收獲估年增逾2成 股價止跌回穩 - 自由財經
2024-01-04 02:58,2330,Yahoo奇摩新聞,台積電3日重挫17元 市值跌破15兆元 - Yahoo奇摩新聞
2024-01-04 03:20,2330,Yahoo奇摩股市,台積電CoWoS產能滿載，AMD或另覓其他合作夥伴 - Yahoo奇摩股市
2024-01-04 06:22,2330,Yahoo奇摩股市,【台股盤後】震盪收黑台積電拉尾盤漲2元 - Yahoo奇摩股市
2024-01-04 07:14,2330,Yahoo奇摩股市,台積電開盤上漲2元台股早盤站上17600點 - Yahoo奇摩股市
2024-01-04 08:00,2330,Yahoo奇摩新聞,遭庫存燙傷!美車用半導體股崩跌台股早盤變臉翻綠台積電跌5元 - Yahoo奇摩新聞
2024-01-04 08:00,2330,Yahoo奇摩新聞,太寂寞？台積電女副理「洩漏機密」給男性友人！ 鄉民笑：一定很帥 - Yahoo奇摩新聞
2024-01-04 08:00,2330,經濟日報,晶圓雙雄再成焦點台積電平穩向上、聯電爆量上揚該買哪一檔？ | 市場焦點| 證券| 經濟日報 - 經濟日報
2024-01-05 01:11,2330,Yahoo奇摩新聞,快訊／台積電跌2元！台股開盤小漲20點至17576點 - Yahoo奇摩新聞
2024-01-05 03:12,2330,Yahoo奇摩股市,《熱門族群》台積電連三挫AI一軍廣達扛短多大旗 - Yahoo奇摩股市
2024-01-05 03:26,2330,今周刊-在今天看見明天,把台積電(2330)先進製程做成「蜘蛛網狀示意圖」，女副理獻出密碼給男友看…挨告下場曝光 - 今周刊-在今天看見明天
2024-01-05 03:47,2330,Yahoo奇摩股市,《盤中解析》台積電壓盤台股平盤跳恰恰 - Yahoo奇摩股市
2024-01-05 05:03,2330,Yahoo奇摩股市,《國際產業》打破神話！ 華為5奈米筆電晶片台積電的 - Yahoo奇摩股市
2024-01-05 05:44,2330,Yahoo奇摩股市,台積電市值跌破15兆元台股挫30點收17519點 - Yahoo奇摩股市
2024-01-05 05:59,2330,Yahoo奇摩股市,軍工、航太股有全面反攻味道，台積電、聯發科仍是大盤風向球 - Yahoo奇摩股市
2024-01-05 06:45,2330,Yahoo奇摩新聞,太寂寞？台積電女副理「洩漏機密」給男性友人！ 鄉民笑：一定很帥 - Yahoo奇摩新聞
2024-01-05 08:00,2330,Yahoo奇摩新聞,台積電熊本廠下月開幕現地調查「超怕這件事」 - Yahoo奇摩新聞
2024-01-05 09:09,2330,富聯網,《證交所》今日單一證券鉅額成交股票：台船、台積電、群創 - 富聯網
2024-01-05 13:00,2330,Yahoo奇摩新聞,外資持續出貨多檔AI指標股！近8千張台積電遭丟棄 網驚：AI還有呼吸嗎 - Yahoo奇摩新聞
2024-01-07 01:48,2330,自由財經,瑞銀喊買6家台半導體廠 台積電、聯發科入列 - 自由財經
2024-01-07 08:00,2330,豐雲學堂,三大法人買賣超– 外資買超(2330)台積電、(2618)長榮航，投信買超(2891)中信金、(5483)中美晶，法人合計賣超31.2億 ... - 豐雲學堂
2024-01-07 22:05,2330,Yahoo奇摩股市,日媒：台積電熊本廠廠房完工、2/24辦開幕儀式 - Yahoo奇摩股市
2024-01-08 00:58,2330,自由財經,瑞銀喊買6家台半導體廠 台積電、聯發科入列 - 自由財經
2024-01-08 01:11,2330,Yahoo奇摩新聞,快訊／台積電漲6元！台股開盤漲逾80點 收復17600關卡 - Yahoo奇摩新聞
2024-01-08 01:12,2330,好房網News,台積電熊本廠已於去年底完工 共同社：2／24舉行開幕典禮 - 好房網News
2024-01-08 01:29,2330,Yahoo奇摩股市,《台北股市》台積電開高金融助陣台股反攻5日均線 - Yahoo奇摩股市
2024-01-08 01:41,2330,今周刊-在今天看見明天,台積電(2330)熊本廠24小時趕工建廠、只花1年8個月完工！開幕儀式選在這一天…二廠進度如何？ - 今周刊-在今天看見明天
2024-01-08 02:26,2330,聯合新聞網,台積電熊本新廠火速完工預定年內投產 日媒指2關鍵 - 聯合新聞網
2024-01-08 02:37,2330,自由財經,台積電通吃AI晶片 股價彈高市值突破15兆 - 自由財經
2024-01-08 03:46,2330,Yahoo奇摩股市,《熱門族群》台積電反攻月線股王世芯-KY助威AI氣勢 - Yahoo奇摩股市
2024-01-08 05:45,2330,Yahoo奇摩新聞,台股收盤／台積電漲7元！航運漲多拉回 指數小漲收在17572點 - Yahoo奇摩新聞
2024-01-08 07:42,2330,Yahoo奇摩新聞,快樂星期一！「金融領錢、觀光去」台積電最強護衛台股漲53點至17572點 - Yahoo奇摩新聞
2024-01-08 08:00,2330,Yahoo奇摩新聞,長老沒燈賣！八大官股提款台積電「逾6.7億」 網：權值股倒滿爽的 - Yahoo奇摩新聞
2024-01-08 08:00,2330,ESG永續台灣,台積電熊本廠完工，2/24辦開幕儀式！2024年底將量產出貨－ESG永續台灣 - ESG永續台灣
2024-01-08 08:00,2330,豐雲學堂,三大法人買賣超– 外資買超(2330)台積電、(2618)長榮航，投信買超(2891)中信金、(5483)中美晶，法人合計賣超31.2億 ... - 豐雲學堂
2024-01-08 10:10,2330,雅虎香港新聞,再攻萬八看這兩個時間點? 選舉前觀察領先指標大立光法說，選後台積電利空出盡? CES展:華碩 祥碩 研揚 晶睿 宏碁資訊 - 雅虎香港新聞
2024-01-08 23:18,2330,Yahoo奇摩股市,指數收紅量縮，護盤拉抬台積電及金控股 - Yahoo奇摩股市
2024-01-09 01:14,2330,好房網News,半導體轉旺 台積電、力積電受惠 - 好房網News
2024-01-09 08:00,2330,經理人,台積電 ADR 漲 2.6％！ADR 是什麼，跟台股一般股票差在哪？ - 經理人
2024-01-09 08:00,2330,Yahoo奇摩股市,史上次高！台積電2023年營收2.16兆元優於預期 - Yahoo奇摩股市
2024-01-09 08:37,2330,豐雲學堂,三大法人買賣超– 外資買超(2330)台積電、(2376)技嘉，投信買超(2330)台積電、(3231)緯創，法人合計賣超43.13億元(0109 ... - 豐雲學堂
2024-01-10 04:16,2330,Yahoo奇摩新聞,台股失守17500點大關！台積電盤中跌6元、陽明挫6% 這3檔AI股卻穩住了 - Yahoo奇摩新聞
2024-01-10 05:44,2330,聯合新聞網,台積電營收／上季財測達標！去年累計2.16兆元、年減4.5% - 聯合新聞網
2024-01-10 05:46,2330,經濟日報,台積電營收／去年逾2.16兆元創歷史次高第4季符合法人預期| 市場焦點| 證券| 經濟日報 - 經濟日報
2024-01-10 05:46,2330,經濟日報,台積電營收／去年逾2.16兆元創歷史次高 第4季符合法人預期 - 經濟日報
2024-01-10 05:49,2330,工商時報,台積電12月營收1763億Q4超越財測高標 - 工商時報
2024-01-10 05:51,2330,旺得富 WantRich,台積電上季營收季增14.4％ 改寫次高優預期 - 旺得富 WantRich
2024-01-10 06:05,2330,Yahoo奇摩股市,史上次高！台積電2023年營收2.16兆元優於預期 - Yahoo奇摩股市
2024-01-10 06:35,2330,TechNews 科技新報,台積電12月營收月減14.4% | TechNews 科技新報 - TechNews 科技新報
2024-01-10 07:16,2330,Yahoo奇摩股市,台積電去年Q4營收達成財測，全年年減4.5%，優於預期 - Yahoo奇摩股市
2024-01-10 07:23,2330,Yahoo奇摩新聞,創歷史次高台積電2023年營收逾2.16兆 - Yahoo奇摩新聞
2024-01-10 08:00,2330,StockFeel 股感,台積電 12 月營收公布！台積電 ( 2330 ) - 全球半導體霸主！完整台積電介紹！ - StockFeel 股感
2024-01-10 08:00,2330,Yahoo奇摩股市,台積電營收優於預期王兆立：台股準備衝萬八 - Yahoo奇摩股市
2024-01-10 08:00,2330,財訊,台積電第4季營收符合預期去年逾2.16兆元創歷史次高 - 財訊
2024-01-10 08:12,2330,Yahoo奇摩股市,台積電法說後分析師怎麼看？王兆立：台股準備衝萬八 - Yahoo奇摩股市
2024-01-10 08:36,2330,Investing.com 香港,台積電：12月營收1763.0億新台幣，環比減少14.4%，同比減少8.4% 提供者格隆匯 - Investing.com 香港
2024-01-10 13:45,2330,Yahoo奇摩新聞,不畏台幣走強台積電Q4營收6255億符合財測法人憂毛利率恐難達標 - Yahoo奇摩新聞
2024-01-11 01:06,2330,聯合新聞網,台股早盤小漲17500點失而復得台積電漲2元開586元| 聯合新聞網 - 聯合新聞網
2024-01-11 01:15,2330,Yahoo奇摩新聞,快訊／台積電漲2元！台股小漲40點收復17500關卡 - Yahoo奇摩新聞
2024-01-11 01:39,2330,Yahoo奇摩新聞,〈台股盤前〉美股齊揚、台積電Q4營收超越財測指數表現有撐 - Yahoo奇摩新聞
2024-01-11 03:23,2330,富聯網,《熱門族群》台積電報喜集團股同歡、創意最嗨 - 富聯網
2024-01-11 04:52,2330,Yahoo奇摩股市,認了！AI外資操盤人承認減持台積電持股是因地緣政治 - Yahoo奇摩股市
2024-01-11 04:54,2330,聯合新聞網,外資為何只願持有台積電2%而不是4%？經理人坦白說 - 聯合新聞網
2024-01-11 07:28,2330,Yahoo奇摩新聞,外資只想持有台積電2% 操盤手曝真實想法 - Yahoo奇摩新聞
2024-01-12 01:03,2330,豐雲學堂,台積電去年Q4營收創次高全年營收小減4.5% | 豐雲學堂 - 豐雲學堂
2024-01-12 01:14,2330,Yahoo奇摩新聞,快訊／選前最後交易日！台股開盤挫60點至17484點台積電跌5元 - Yahoo奇摩新聞
2024-01-12 08:00,2330,Yahoo奇摩股市,台股選後將有不同局面，台積電若能趁勢反攻，則萬八就可期待 - Yahoo奇摩股市
2024-01-12 12:34,2330,Yahoo奇摩股市,台積電18日法說會外資關切5議題…野村估毛利率降「這區間」 - Yahoo奇摩股市
2024-01-14 00:33,2330,好房網News,台積電法說 半導體風向球…新董事會成員、海外布局受關注 - 好房網News
2024-01-14 05:56,2330,聯合新聞網,台積電法說會前 內外資最新估今年EPS上看35.6~37.5元 - 聯合新聞網
2024-01-15 02:07,2330,自由財經,選後慶祝行情 台積電攻達590元 - 自由財經
2024-01-15 02:48,2330,Yahoo奇摩新聞,選後開盤台股強漲百點站回17600 台積電漲6元至590 - Yahoo奇摩新聞
2024-01-15 02:57,2330,理財周刊,大選結束台股回歸基本面！台積電（2330）法說會成焦點外資上修EPS - 理財周刊
2024-01-15 03:19,2330,經濟日報,台積電法說會18日登場 市場五大預期一次看 - 經濟日報
2024-01-15 04:07,2330,經濟日報,台積電獲大摩點讚 樂觀情境上看880元 股價衝今年高 - 經濟日報
2024-01-15 05:43,2330,Yahoo奇摩股市,台積電上漲2元台股揚升33點收17546點 - Yahoo奇摩股市
2024-01-16 01:07,2330,好房網News,台積電帶動！2023我對外投資金額創歷史新高 年增136.6％ - 好房網News
2024-01-16 01:13,2330,Yahoo奇摩新聞,快訊／台積電跌5元！台股開盤挫逾百點失守17500關卡 - Yahoo奇摩新聞
2024-01-16 03:40,2330,wantrich.chinatimes.com,《熱門族群》台積電翻紅 多檔概念股剽悍抗空 - wantrich.chinatimes.com
2024-01-16 08:00,2330,Yahoo奇摩股市,美銀挺台積電目標價刷新高 - Yahoo奇摩股市
2024-01-16 08:55,2330,聯合新聞網,外資目標價喊到880元 台積電法說會前可以買嗎？ - 聯合新聞網
2024-01-16 09:18,2330,香港經濟日報 - 即時新聞,台積電第四季利潤料下降23% 連續第三季獲利下滑- 香港經濟日報- 即時新聞頻道- iMoney智富- 環球政經 - 香港經濟日報 - 即時新聞
2024-01-17 02:10,2330,wantrich.chinatimes.com,《熱門族群》輝達再創天價 拉抬AI族群 台積電法說前走穩 - wantrich.chinatimes.com
2024-01-17 04:12,2330,Yahoo奇摩新聞,〈台股盤中〉台積電孤木難撐再重挫百點回測季線 - Yahoo奇摩新聞
2024-01-17 04:13,2330,聯合新聞網,台積電法說前有撐 萬潤盤中飆天價 點火概念股表現 - 聯合新聞網
2024-01-17 08:00,2330,經濟日報,台積電法說會將登場 1月18日重要財經行事曆一次看 - 經濟日報
2024-01-17 08:00,2330,Yahoo奇摩股市,台積電法說結果網喊「穩了！」專家：明天挑戰600元大關 - Yahoo奇摩股市
2024-01-17 08:00,2330,Yahoo奇摩股市,台積電法說會前ADR、現股雙漲投顧董座：法人搶先押寶 - Yahoo奇摩股市
2024-01-17 08:00,2330,Yahoo奇摩股市,外資狂砍780億元股市名師蔡明翰：台積電法說會前忍耐一下先停看聽 - Yahoo奇摩股市
2024-01-17 08:00,2330,Yahoo奇摩新聞,台積電去年Q4「每股賺9.21元」優於預期！毛利率飆53％ - Yahoo奇摩新聞
2024-01-17 09:14,2330,富聯網,《證交所》今日單一證券鉅額成交股票：文曄、台積電、亞德客-KY - 富聯網
2024-01-17 09:19,2330,Yahoo奇摩股市,中大型電子股淪元月外資提款機台積電、聯發科遭賣百億元 - Yahoo奇摩股市
2024-01-17 11:23,2330,今周刊-在今天看見明天,台積電(2330)法說登場，劉德音退休真心話、美國設廠進度如何？2個太陽時代結束，3大問題見分曉 - 今周刊-在今天看見明天
2024-01-17 14:12,2330,Yahoo奇摩股市,台積電法說來了外資聚焦資本支出 - Yahoo奇摩股市
2024-01-17 19:07,2330,經濟日報,台積電次世代記憶體大突破 力旺、M31擁技術跟著旺 - 經濟日報
2024-01-17 23:57,2330,Yahoo奇摩新聞,台積電法說會今登場「董座退休、海外設廠」必考…支出資本成焦點 - Yahoo奇摩新聞
2024-01-18 01:40,2330,Yahoo奇摩股市,台積電今年營收看增2成股價攀至589元重登月線 - Yahoo奇摩股市
2024-01-18 02:00,2330,經濟日報,台積電法說會將登場 1月18日重要財經行事曆一次看 - 經濟日報
2024-01-18 02:57,2330,Yahoo奇摩新聞,台積電法說會下午登場近四年來首度恢復實體舉行股價重回月線攀至589元 - Yahoo奇摩新聞
2024-01-18 03:20,2330,自由財經,SoIC需求強勁 傳台積電上修今年產能擴充3倍 - 自由財經
2024-01-18 03:27,2330,今周刊-在今天看見明天,台積電(2330)法說登場，劉德音退休真心話、美國設廠進度如何？2個太陽時代結束，3大問題見分曉 - 今周刊-在今天看見明天
2024-01-18 03:39,2330,Yahoo奇摩股市,台積電法說會前ADR、現股雙漲投顧董座：法人搶先押寶 - Yahoo奇摩股市
2024-01-18 03:52,2330,Anue鉅亨,〈台股盤中〉台積電挾法說題材穩住漲勢 但漲幅收斂 季線賣壓仍沈重 - Anue鉅亨
2024-01-18 05:34,2330,工商時報,台積電Q4 EPS 9.21元創去年單季新高3奈米比重翻倍！ - 工商時報
2024-01-18 05:38,2330,聯合新聞網,台積電財報／去年第4季每股稅後純益9.21元 超出預期 - 聯合新聞網
2024-01-18 05:45,2330,Anue鉅亨,〈台積電法說〉去年Q4 EPS 9.21超預期 去年全年獲利9791億元 每天開門賺進27億元 - Anue鉅亨
2024-01-18 05:51,2330,自由財經,台積電Ｑ4每股賺9.21元 全年獲利8385億元 - 自由財經
2024-01-18 05:56,2330,Yahoo奇摩新聞,台股反彈無力季線得而復失！大盤收漲66點寄望台積電法說再給力 - Yahoo奇摩新聞
2024-01-18 06:01,2330,China Times,《盤後解析》台積電收高助彈 短期波動選股有方 - China Times
2024-01-18 06:06,2330,富聯網,個股：台積電(2330)去年第四季每股賺9.21元，全年每股賺32.34元 - 富聯網
2024-01-18 06:12,2330,經濟日報,台積電法說會／去年實際資本支出304.5億美元 低於公司預期 - 經濟日報
2024-01-18 06:15,2330,Yahoo奇摩新聞,台積電去年Q4「每股賺9.21元」優於預期！毛利率飆53％ - Yahoo奇摩新聞
2024-01-18 06:23,2330,經濟日報,台積電法說會／估Q1美元營收均值季減約6.3% 符合市場預期| 產業熱點| 產業| 經濟日報 - 經濟日報
2024-01-18 06:24,2330,聯合新聞網,台積電法說會／估Q1美元營收均值季減約6.3% 符合市場預期 - 聯合新聞網
2024-01-18 06:39,2330,聯合新聞網,台積電法說會／去年毛利率54.4% 全年每股純益32.34元 - 聯合新聞網
2024-01-18 06:44,2330,經濟日報,台積電法說會／魏哲家：今年美元營收年增超越兩成| 產業熱點| 產業| 經濟日報 - 經濟日報
2024-01-18 06:50,2330,聯合新聞網,台積電法說會／今年預估資本支出280～320億美元 符合市場預期 - 聯合新聞網
2024-01-18 06:56,2330,Yahoo奇摩新聞,重見曙光！台積電強漲撐盤台股漲66點收17227點 - Yahoo奇摩新聞
2024-01-18 07:06,2330,豐雲學堂,〈台積電法說〉劉德音：過去30年在台積電是趟非凡旅程6月退休前還有許多事做| 豐雲學堂 - 豐雲學堂
2024-01-18 07:07,2330,經濟日報,台積電法說會／劉德音：全球製造擴張策略持續預計2024股東會後退休| 產業熱點| 產業| 經濟日報 - 經濟日報
2024-01-18 07:10,2330,Yahoo奇摩股市,台積電估第1季營收減6.2% 全年健康成長增逾2成 - Yahoo奇摩股市
2024-01-18 07:14,2330,Yahoo奇摩股市,台積電估第一季營收季減約6.3%，毛利率52-54%大致與上季持平 - Yahoo奇摩股市
2024-01-18 07:18,2330,自由財經,台積電Q4智慧型手機與HPC並列第一技術平台 北美市場營收達72％ - 自由財經
2024-01-18 07:24,2330,工商時報,話題》劉德音時代最終場台積電法說會重點一次看 - 工商時報
2024-01-18 07:33,2330,Yahoo奇摩股市,台積電今年資本支出約與去年持平，全年營收估增low to mid 20 percent - Yahoo奇摩股市
2024-01-18 07:34,2330,Yahoo奇摩股市,台積電法說結果網喊「穩了！」專家：明天挑戰600元大關 - Yahoo奇摩股市
2024-01-18 07:36,2330,豐雲學堂,〈台積電法說〉日本熊本廠Q4量產德國廠同時間動工| 豐雲學堂 - 豐雲學堂
2024-01-18 07:47,2330,自由財經,台積電今年營收年增20％-25％超越同業 魏哲家：2奈米僅1家非台積客戶 - 自由財經
2024-01-18 07:55,2330,聯合新聞網,台積電法說會／劉德音預告股東會後退休 外資祝福、魏哲家比讚鼓掌 - 聯合新聞網
2024-01-18 08:00,2330,StockFeel 股感,台積電2023 Q4 法說！台積電( 2330 ) - 全球半導體霸主！完整台積電介紹！ - StockFeel 股感 - StockFeel 股感
2024-01-18 08:00,2330,Yahoo奇摩股市,台積電跳空大漲37元站上625元市值衝破16兆元一天暴衝近兆元 - Yahoo奇摩股市
2024-01-18 08:00,2330,Yahoo奇摩股市,【台積電法說】2024營收估增2成、劉德音退休真心話5大重點一次看 - Yahoo奇摩股市
2024-01-18 08:00,2330,Yahoo奇摩新聞,600以下的台積電真的是禮物？今開盤跳漲逾6% 睽違近兩年重返600元大關 - Yahoo奇摩新聞
2024-01-18 08:00,2330,理財周刊,台積電（2330）全年EPS 32.34元 2024全年營收有望年增25% - 理財周刊
2024-01-18 08:00,2330,Yahoo奇摩股市,〈台積電法說〉今年3奈米營收跳增3倍佔營收比重衝上14-16% - Yahoo奇摩股市
2024-01-18 08:00,2330,LINE TODAY Taiwan,【11:32 投資快訊】台積電(2330)法說展望空前樂觀，股價跳空大漲5%！ | CMoney | LINE TODAY - LINE TODAY Taiwan
2024-01-18 08:00,2330,Yahoo奇摩新聞,【台積電法說】劉德音主動談退休感言 語畢全場拍手致意重申將多陪家人、對台積有信心 - Yahoo奇摩新聞
2024-01-18 08:11,2330,Yahoo奇摩新聞,台積電2023年Q4財報「每股盈餘9.21元」優於預期 - Yahoo奇摩新聞
2024-01-18 08:28,2330,經濟日報,整理包／台積電公布去年財報、首季財測 劉德音退休時間也出爐！法說會重點一次看 - 經濟日報
2024-01-18 08:28,2330,聯合新聞網,整理包／產業景氣風向球！公布去年財報、首季財測 台積電法說會重點一次看 - 聯合新聞網
2024-01-18 08:50,2330,Yahoo奇摩股市,2奈米製程需求強台積電評估高雄增建第3座廠 - Yahoo奇摩股市
2024-01-18 08:53,2330,Anue鉅亨,〈台積電法說〉客戶對2奈米興趣更勝3奈米正評估新增高雄第三座廠| Anue鉅亨- 台股新聞 - Anue鉅亨
2024-01-18 08:53,2330,Yahoo奇摩新聞,台積電看今年是「健康的1年」！劉德音談退休：從4人小組長做到董座「我的榮幸」…法說重點一次看 - Yahoo奇摩新聞
2024-01-18 09:04,2330,豐雲學堂,〈台積電法說〉Q1美元營收季減6.2% 全年估增21-26%創新高| 豐雲學堂 - 豐雲學堂
2024-01-18 09:06,2330,豐雲學堂,三大法人買賣超– 外資買超(2330)台積電、(2454)聯發科，投信買超(2603)長榮、(5483)中美晶，法人合計賣超77.29億元 ... - 豐雲學堂
2024-01-18 09:07,2330,Yahoo奇摩股市,因應2奈米需求，台積電將在高雄增蓋第三座廠 - Yahoo奇摩股市
2024-01-18 09:13,2330,香港經濟日報 - 即時新聞,台積電第四季利潤按年降19% 料今年收入增幅為20%左右- 香港經濟日報- 即時新聞頻道- iMoney智富- 環球政經 - 香港經濟日報 - 即時新聞
2024-01-18 10:08,2330,自由財經,台積電將擴大投資高雄 評估增加第三座2奈米廠 - 自由財經
2024-01-18 10:26,2330,Anue鉅亨,〈台積電法說〉今年營收增逾2成創高、AI營收CAGR飆50% 一文看懂十大重點 - Anue鉅亨
2024-01-18 13:20,2330,Yahoo奇摩新聞,尷尬了！「台積電、力積電」法說會成績單大相逕庭網譏：差一字差很多 - Yahoo奇摩新聞
2024-01-18 13:30,2330,Yahoo奇摩新聞,法說會前買台積電「不講武德」！外資「這檔」狂掃近8萬張網問：什麼操作？ - Yahoo奇摩新聞
2024-01-18 13:30,2330,方格子,台積電Q4法說會，四張圖一次看完重點| Jackie Chien的沙龍 - 方格子
2024-01-18 14:05,2330,工商時報,台積電ADR盤前狂飆逾7％ 台指期夜盤飛越17400點 - 工商時報
2024-01-18 19:00,2330,聯合新聞網,台積電今年現金股息 13.5元起跳 - 聯合新聞網
2024-01-18 19:00,2330,聯合新聞網,台積電 先進封裝產能需求續強 - 聯合新聞網
2024-01-18 23:29,2330,聯合新聞網,台積電ADR狂漲9.8% 較台北交易溢價竟達21% - 聯合新聞網
2024-01-19 01:08,2330,Yahoo奇摩股市,台積電跳空大漲6%站上625元市值衝破16兆元一天暴衝近兆元 - Yahoo奇摩股市
2024-01-19 01:09,2330,聯合新聞網,"台積電法說報喜！台股開盤大漲318點、站上17,500點 台積電大漲37元 - 聯合新聞網"
2024-01-19 01:09,2330,經濟日報,台積電法說報喜 台股開盤大漲318點 台積電開盤大漲37元 - 經濟日報
2024-01-19 01:18,2330,自由財經,焦點股》台積電：法說報喜 股價飆漲市值突破16.2兆元 - 自由財經
2024-01-19 01:20,2330,聯合新聞網,台積電今年展望強勁 開盤一口氣衝破600元關卡 - 聯合新聞網
2024-01-19 01:20,2330,Newtalk新聞,600以下的台積電真的是禮物？今開盤跳漲逾6% 睽違近兩年重返600元大關| 財經 - Newtalk新聞
2024-01-19 01:31,2330,好房網News,劉德音最後一次主持台積電法說會感性發言 魏哲家比讚 - 好房網News
2024-01-19 01:42,2330,Yahoo奇摩新聞,台積電重返600元大關台股早盤狂飆逾300點 - Yahoo奇摩新聞
2024-01-19 01:45,2330,Yahoo奇摩股市,三星Galaxy S24系列中華電網路預購額滿，供應鏈台積電等受惠 - Yahoo奇摩股市
2024-01-19 01:48,2330,富聯網,《熱門族群》台積電爆量創近2年高概念股雨露均霑 - 富聯網
2024-01-19 01:49,2330,好房網News,受惠於台積電設廠！南高雄亞灣區匯聚公共建設利多 增值潛力成亮點 - 好房網News
2024-01-19 01:57,2330,聯合新聞網,台積電衝破600元關！早盤625元開高大漲市值站上16.2兆| 聯合新聞網 - 聯合新聞網
2024-01-19 02:03,2330,富聯網,焦點股：今年營運逐季走高，台積電(2330)股價帶量飛越600元 - 富聯網
2024-01-19 02:19,2330,今周刊-在今天看見明天,台積電(2330)法說登場，劉德音退休真心話、美國設廠進度如何？2個太陽時代結束，3大問題見分曉 - 今周刊-在今天看見明天
2024-01-19 02:36,2330,ETtoday財經雲,台積電收盤公布財報 盤後零股卡位交易量爆增3倍 - ETtoday財經雲
2024-01-19 03:06,2330,Yahoo奇摩新聞,台積電開盤狂噴37元！強衝625元睽違2年再度突破600大關 - Yahoo奇摩新聞
2024-01-19 03:13,2330,Yahoo奇摩股市,台積電扮演多頭力量，若能攻過新高，則有望帶領台股攻堅萬八 - Yahoo奇摩股市
2024-01-19 03:14,2330,ETtoday財經雲,台積電今年展望樂觀 陸行之提五點觀察「留意產業暴雷」 - ETtoday財經雲
2024-01-19 03:39,2330,今周刊-在今天看見明天,台積電法說報喜股價站上626元近2年新高、助攻台股噴漲450點！能上車嗎？1張表推敲外資動向 - 今周刊-在今天看見明天
2024-01-19 03:48,2330,LINE TODAY Taiwan,【11:32 投資快訊】台積電(2330)法說展望空前樂觀，股價跳空大漲5%！ | CMoney | LINE TODAY - LINE TODAY Taiwan
2024-01-19 03:52,2330,Yahoo奇摩新聞,〈台股盤中〉護盤神山台積電法說發力指數大漲逾300點拚周K收紅 - Yahoo奇摩新聞
2024-01-19 03:57,2330,Anue鉅亨,台積電2023年全球市值列為第十 - Anue鉅亨
2024-01-19 03:58,2330,聯合新聞網,台積電跳空大漲38元 直接衝破600元大關 一舉寫下六驚奇 - 聯合新聞網
2024-01-19 04:05,2330,Yahoo奇摩新聞,台積電法說報喜給AI股打雞血！廣達漲近8%、緯創攻上漲停 - Yahoo奇摩新聞
2024-01-19 04:52,2330,ETtoday財經雲,台積電評估高雄蓋第3座廠 王美花：證明「掏空台灣門都沒有」 - ETtoday財經雲
2024-01-19 05:28,2330,聯合新聞網,台積電看今年是「健康年」！劉德音談退休：從4人小組長做到董座法說重點一次看| 聯合新聞網 - 聯合新聞網
2024-01-19 06:06,2330,ETtoday財經雲,台積電大漲38元收626 外資看好喊目標價770元 - ETtoday財經雲
2024-01-19 06:23,2330,聯合新聞網,台積電擬設高雄第3廠 網喊楠梓漲爆！專家反看好這區 - 聯合新聞網
2024-01-19 06:31,2330,Yahoo奇摩股市,台股價量齊揚，台積電再次扮演護國神山角色，大盤再創高點可期 - Yahoo奇摩股市
2024-01-19 06:42,2330,自由財經,台積電市值日增近1兆元 貢獻台股逾300點 - 自由財經
2024-01-19 06:54,2330,Yahoo奇摩新聞,台股看民視／台積電「衝破600元」！分析師點2類股可關注 - Yahoo奇摩新聞
2024-01-19 07:38,2330,理財周刊,台積電（2330）營運展望樂觀2奈米需求強勁預計增建第3廠 - 理財周刊
2024-01-19 08:00,2330,經理人,台積電ADR大漲近10％！ADR 是什麼，跟台股一般股票差在哪？ADR怎麼買？ - 經理人
2024-01-19 08:00,2330,Yahoo奇摩新聞,台積電賺翻了！三大法人「砸711億」爆買11萬張最多網：GG救台股 - Yahoo奇摩新聞
2024-01-19 08:00,2330,Yahoo奇摩股市,《台北股市》官股好樂！逢高大賣台積電103億元、緯創14億元 - Yahoo奇摩股市
2024-01-19 08:00,2330,Yahoo奇摩股市,散戶也瘋狂！台積電零股交易飆成交1106萬股及68.5億元雙高 - Yahoo奇摩股市
2024-01-19 08:00,2330,Yahoo奇摩新聞,外資狂買台股讓買超創史上第2大紀錄台積電就被刷單11萬張 - Yahoo奇摩新聞
2024-01-19 08:00,2330,Yahoo奇摩新聞,AI股開趴！台積電獲外資狂補11萬張帶頭嗨買超前十名全是電子股 - Yahoo奇摩新聞
2024-01-19 08:00,2330,聯合新聞網,台積電曝AI行情大爆發 廣達楊麒令：想像空間確實很大 - 聯合新聞網
2024-01-19 08:00,2330,今周刊-在今天看見明天,台積電發爐直衝626元、成交量逼千億！台股漲453點創近1年最大漲點、均線全站上 - 今周刊-在今天看見明天
2024-01-19 08:00,2330,Yahoo奇摩新聞,台積電重返600元！台南Josh嘆「還沒浮出水面」均價曝光 - Yahoo奇摩新聞
2024-01-19 08:00,2330,鉅亨網,鉅亨速報 - Factset 最新調查：台積電(2330-TW)EPS預估上修至38.15元，預估目標價為715.16元 - 鉅亨網
2024-01-19 08:00,2330,Yahoo奇摩股市,不只台積電！四檔半導體ETF都漲逾2% 兆豐00913以2.87%居冠 - Yahoo奇摩股市
2024-01-19 08:00,2330,Yahoo奇摩股市,台積電與ADR價差13％ 外資大玩套利交易買超神山 - Yahoo奇摩股市
2024-01-19 08:00,2330,經濟日報,台積電法說會將登場 1月18日重要財經行事曆一次看 - 經濟日報
2024-01-19 08:15,2330,Yahoo奇摩新聞,台積電站回6字頭！他好奇「為何一堆人急賣」 學長們秒懂：終於退伍了 - Yahoo奇摩新聞
2024-01-19 08:17,2330,Yahoo奇摩新聞,台積電6大驚奇！ 2023年全球市值搶進第10 - Yahoo奇摩新聞
2024-01-19 08:36,2330,豐雲學堂,三大法人買賣超– 外資買超(2330)台積電、(2382)廣達，投信買超(3231)緯創、(2382)廣達，法人合計買超847.9億元(0119 ... - 豐雲學堂
2024-01-19 09:03,2330,自由財經,第1名！外資今大買台積電11.24萬張 - 自由財經
2024-01-19 09:10,2330,Yahoo奇摩新聞,重回600大關！他「長抱台積電2年」爆賺六百萬曝「8字箴言」本多終勝 - Yahoo奇摩新聞
2024-01-19 09:31,2330,今周刊-在今天看見明天,外資認錯買超台股801億史上第二大、狂掃台積電11萬張！再來穩了直上萬8？未來20天勝率出爐 - 今周刊-在今天看見明天
2024-01-19 09:36,2330,自由財經,暴增10多倍！ 台積電零股交易創單一個股最高 - 自由財經
2024-01-19 09:38,2330,自由財經,台積電展望好強！外資跪著回補台股801.6億元 - 自由財經
2024-01-19 10:10,2330,風傳媒,台積電飆破600點！118萬人等著領錢，最快4月先拿一筆 - 風傳媒
2024-01-19 10:23,2330,Yahoo奇摩新聞,台積電法說ADR嗨翻陸行之示警「暴雷產業」 - Yahoo奇摩新聞
2024-01-19 11:22,2330,Yahoo奇摩股市,外資買超台積電逾11萬張創歷史次高網友驚呆：到底看到什麼？ - Yahoo奇摩股市
2024-01-19 11:50,2330,Yahoo奇摩新聞,台積電衝破600元！台南Josh嘆「還沒浮出水面」 網卻臉綠：國師不要啊 - Yahoo奇摩新聞
2024-01-19 12:07,2330,豐雲學堂,〈台積電法說〉日本熊本廠Q4量產德國廠同時間動工| 豐雲學堂 - 豐雲學堂
2024-01-19 12:09,2330,豐雲學堂,〈台積電法說〉今年3奈米營收跳增3倍佔營收比重衝上14-16% | 豐雲學堂 - 豐雲學堂
2024-01-19 12:09,2330,豐雲學堂,〈台積電法說〉劉德音：過去30年在台積電是趟非凡旅程6月退休前還有許多事做| 豐雲學堂 - 豐雲學堂
2024-01-19 12:10,2330,豐雲學堂,〈台積電法說〉今年營收增逾2成創高、AI業績CAGR飆50% 一文看懂十大重點| 豐雲學堂 - 豐雲學堂
2024-01-19 12:11,2330,豐雲學堂,〈台積電法說〉Q1美元營收季減6.2% 全年估增21-26%創新高| 豐雲學堂 - 豐雲學堂
2024-01-19 12:12,2330,豐雲學堂,〈台股盤中〉台積電挾法說題材穩住漲勢但漲幅收斂季線賣壓仍沈重| 豐雲學堂 - 豐雲學堂
2024-01-19 12:12,2330,豐雲學堂,〈台積電法說〉客戶對2奈米興趣更勝3奈米正評估新增高雄第三座廠| 豐雲學堂 - 豐雲學堂
2024-01-19 17:00,2330,ETtoday財經雲,台積電股價飆漲 外媒估全球半導體股市值增逾1650億美元 - ETtoday財經雲
2024-01-20 02:42,2330,ETtoday財經雲,台積電點火全球半導體股價！NVIDIA、AMD創高 投行調高目標價 - ETtoday財經雲
2024-01-20 03:27,2330,Yahoo奇摩股市,《台北股市》官股好樂！逢高大賣台積電103億元、緯創14億元 - Yahoo奇摩股市
2024-01-20 08:00,2330,Yahoo奇摩新聞,台積電帶AI飛整週！外資本週梭哈電子股護國神山只買第二多 - Yahoo奇摩新聞
2024-01-20 08:00,2330,Yahoo奇摩新聞,緯創漲停、廣達爆噴！他解套後卻問「該換台積電？」 網吐槽：永遠學不乖 - Yahoo奇摩新聞
2024-01-20 08:00,2330,Yahoo奇摩新聞,台積電重壓半導體！為何不開銀行、不動產？ 內行曝：股票價值絕對降低 - Yahoo奇摩新聞
2024-01-20 17:36,2330,風傳媒,台積電飆破600點！118萬人等著領錢，最快4月先拿一筆 - 風傳媒
2024-01-21 01:40,2330,風傳媒,台積電飆破600點！118萬人等著領錢，最快4月先拿一筆 - 風傳媒
2024-01-21 02:43,2330,自由財經,外資認錯回補AI概念股 台積電、緯創、廣達大進補 - 自由財經
2024-01-21 03:51,2330,方格子,台積電股價表現與市場趨勢分析-一個人武林| Jay的觀點的沙龍 - 方格子
2024-01-21 04:52,2330,方格子,OpenAI 的執行長奧特曼正在與包括台積電（2330）在內的晶片製造業者| 沈重宗的沙龍 - 方格子
2024-01-21 08:00,2330,Yahoo奇摩股市,台積電上周漲7%創60周最大漲點近8千股東「見好就收」 - Yahoo奇摩股市
2024-01-21 08:00,2330,Yahoo奇摩新聞,台積電帶動開趴！三大法人梭哈電子股這檔被灌21萬 - Yahoo奇摩新聞
2024-01-21 08:00,2330,財訊,台積電領軍谷月涵：台灣半導體供應鏈10年市值將成長10倍！49家名單曝光 - 財訊
2024-01-21 08:00,2330,Yahoo奇摩新聞,台積電漲逾1% 帶領AI往前衝台股漲逾160點站上17800 - Yahoo奇摩新聞
2024-01-21 08:00,2330,Yahoo奇摩股市,台積電開盤漲7元台股早盤漲逾百點攻上17800點 - Yahoo奇摩股市
2024-01-21 08:11,2330,Yahoo奇摩股市,台積電衝破600元大關！新增夜盤交易美股財報周登場 - Yahoo奇摩股市
2024-01-21 09:00,2330,Yahoo奇摩新聞,權王台積電爆漲6%！謝金河聽「清潔工對話」讚：相信台灣會有福報 - Yahoo奇摩新聞
2024-01-21 11:10,2330,Yahoo奇摩新聞,盆滿缽滿！「這檔」上週漲1成八大公股大賣4萬張出手萬張台積電賺到爛 - Yahoo奇摩新聞
2024-01-21 19:38,2330,聯合新聞網,台積電配息逐步調高 今年上看15元 - 聯合新聞網
2024-01-21 19:42,2330,經濟日報,台積電1奈米廠傳落腳嘉義 總投資額估逾兆元 - 經濟日報
2024-01-21 22:20,2330,聯合新聞網,封關倒數11天…台股攻萬八氛圍轉濃 台積電有望領軍上衝 - 聯合新聞網
2024-01-22 00:43,2330,好房網News,台積電1奈米廠傳落腳嘉義 總投資額估逾兆元 - 好房網News
2024-01-22 00:52,2330,今周刊-在今天看見明天,台積電(2330)漲多翻黑，台股17800點得而復失！黃仁勳再訪台AI股超嗨，緯創(3231)帶量攻漲停 - 今周刊-在今天看見明天
2024-01-22 00:54,2330,好房網News,台積電配息逐步調高 今年上看15元 - 好房網News
2024-01-22 01:03,2330,Yahoo奇摩新聞,台積電上周漲7%創60周最大近8千股東「見好就收」 - Yahoo奇摩新聞
2024-01-22 01:22,2330,今周刊-在今天看見明天,台積電(2330)1奈米廠落腳嘉義？符合張忠謀「1日動員千名工程師支援各廠運作」想法，還有2條件助攻 - 今周刊-在今天看見明天
2024-01-22 01:29,2330,Yahoo奇摩股市,台積電開盤漲7元台股早盤漲逾百點攻上17800點 - Yahoo奇摩股市
2024-01-22 01:59,2330,Yahoo奇摩新聞,台股大漲「這6檔」紅得發紫！台積電狂飆只排第二噴最兇是強勢股王是它 - Yahoo奇摩新聞
2024-01-22 02:14,2330,Yahoo奇摩新聞,台積電漲逾1% 帶領AI往前衝台股漲逾160點站上17800 - Yahoo奇摩新聞
2024-01-22 02:46,2330,聯合新聞網,法說會行情高興一天就好？ 台積電量縮股價翻黑 - 聯合新聞網
2024-01-22 02:59,2330,財訊,台積電領軍谷月涵：台灣半導體供應鏈10年市值將成長10倍！49家名單曝光 - 財訊
2024-01-22 03:00,2330,Yahoo奇摩新聞,台積電傳設廠嘉義「再度選綠營執政縣市」！房仲業看好公司回應了 - Yahoo奇摩新聞
2024-01-22 03:07,2330,Yahoo奇摩新聞,台積電大漲7元領電子股反攻台股早盤強彈150點站上17800關卡 - Yahoo奇摩新聞
2024-01-22 03:20,2330,聯合新聞網,寬量國際：台積電領軍台灣半導體供應鏈 市值十年成長10倍 - 聯合新聞網
2024-01-22 03:36,2330,Yahoo奇摩股市,無視外資大買、ADR續漲台積電高低下殺9元 - Yahoo奇摩股市
2024-01-22 04:00,2330,經濟日報,台積電市值亞洲稱王 AI族群領銜台股強攻萬八行情 - 經濟日報
2024-01-22 05:53,2330,Yahoo奇摩新聞,〈台股盤後〉台積電熄火AI概念股帶頭強漲133點農曆年前離萬八更近了 - Yahoo奇摩新聞
2024-01-22 06:01,2330,經濟日報,台積電期貨夜盤交易 今日下午全球首發 - 經濟日報
2024-01-22 06:57,2330,聯合新聞網,為迎合大陸？委託台積電生產晶片刪除「台灣製程」標示 超微說話了 - 聯合新聞網
2024-01-22 08:00,2330,今周刊-在今天看見明天,AMD向中國低頭？委託台積電(2330)代工晶片刪掉「台灣製程」標示，有政治力介入？公司回應了 - 今周刊-在今天看見明天
2024-01-22 08:00,2330,Yahoo奇摩股市,買不起台積電！市值型ETF「含積量」高00922一張不到2萬 - Yahoo奇摩股市
2024-01-22 08:00,2330,Yahoo奇摩新聞,信仰價值充滿！台積電限定「綠色乖乖」翻倍賣破500元網笑：比股票還貴 - Yahoo奇摩新聞
2024-01-22 08:00,2330,Yahoo奇摩股市,台積電持續加碼台灣投資，傳1奈米廠區有望落腳嘉義 - Yahoo奇摩股市
2024-01-22 08:00,2330,Yahoo奇摩股市,台積電上漲3元台股上漲77點逼近17900點 - Yahoo奇摩股市
2024-01-22 08:00,2330,Yahoo奇摩股市,台積電上漲2元台股揚升59.49點收17874.59點 - Yahoo奇摩股市
2024-01-22 08:49,2330,豐雲學堂,三大法人買賣超– 外資買超(2330)台積電、(3017)奇鋐，投信買超(3231)緯創、(2376)技嘉，法人合計買超320.88億元 ... - 豐雲學堂
2024-01-22 09:00,2330,Yahoo奇摩股市,台積電代工晶片AMD被爆「台灣製程」字樣全消失！公司回應了 - Yahoo奇摩股市
2024-01-22 09:08,2330,Yahoo奇摩股市,《科技》超微配合大陸？台積電代工晶片「台灣被消失」 公司回應了 - Yahoo奇摩股市
2024-01-22 13:30,2330,Yahoo奇摩新聞,小英「暴衝近8%」解套了！八大官股急拋售台積電15億也入國家隊口袋 - Yahoo奇摩新聞
2024-01-22 21:30,2330,自由財經,台積電：以台灣為主要基地 一奈米廠不排除任何可能 - 自由財經
2024-01-22 23:39,2330,聯合新聞網,台積電（2330）凍漲？他憂：今年最高633元 網曝「每年最高點已過」 - 聯合新聞網
2024-01-22 23:57,2330,聯合新聞網,00878股東超越台積電（2330）！ 專家：ETF即便一間公司倒閉也難讓錢全部不見| 聯合新聞網 - 聯合新聞網
2024-01-23 00:32,2330,Yahoo奇摩新聞,台積電代工AMD晶片「台灣」被消失！郭正亮爆疑點 - Yahoo奇摩新聞
2024-01-23 01:12,2330,Yahoo奇摩新聞,快訊／台積電漲3元！台股開盤漲55點指數上衝17870點 - Yahoo奇摩新聞
2024-01-23 01:40,2330,Yahoo奇摩股市,台積電上漲3元台股上漲77點逼近17900點 - Yahoo奇摩股市
2024-01-23 01:46,2330,聯合新聞網,台積電（2330）散戶買不會賺錢的原因曝光！ 她：持有期間可說是心驚膽跳| 聯合新聞網 - 聯合新聞網
2024-01-23 02:33,2330,Yahoo奇摩股市,《熱門族群》台積電穩盤AI一軍漲多震盪 - Yahoo奇摩股市
2024-01-23 03:51,2330,Yahoo奇摩股市,台積電1奈米尚未抵「嘉」 太保預售屋已漲約1成 - Yahoo奇摩股市
2024-01-23 05:57,2330,Yahoo奇摩股市,台積電上漲2元台股揚升59.49點收17874.59點 - Yahoo奇摩股市
2024-01-23 06:50,2330,Yahoo奇摩新聞,信仰價值充滿！台積電限定「綠色乖乖」翻倍賣破500元網笑：比股票還貴 - Yahoo奇摩新聞
2024-01-23 07:05,2330,風傳媒,台積電為何多年重壓半導體，都沒有拓展副業？內行人曝關鍵原因：看對手輸多慘就知道 - 風傳媒
2024-01-23 07:23,2330,Yahoo奇摩股市,買不起台積電！市值型ETF「含積量」高00922一張不到2萬 - Yahoo奇摩股市
2024-01-23 08:00,2330,聯合新聞網,台積電（2330）凍漲？他憂：今年最高633元 網曝「每年最高點已過」 - 聯合新聞網
2024-01-23 08:00,2330,聯合新聞網,00878股東超越台積電（2330）！ 專家：ETF即便一間公司倒閉也難讓錢全部不見| 聯合新聞網 - 聯合新聞網
2024-01-23 08:32,2330,豐雲學堂,三大法人買賣超– 外資買超(2330)台積電、(2409)友達，投信買超(3231)緯創、(2383)台光電，法人合計買超106.84億元 ... - 豐雲學堂
2024-01-23 09:24,2330,富聯網,《證交所》今日單一證券鉅額成交股票：統一、聯發科、台積電(2-1) - 富聯網
2024-01-23 13:30,2330,Yahoo奇摩新聞,面板股噴爆！八大官股砍「這3檔」高割離席爽賣台積電逾9億入袋 - Yahoo奇摩新聞
2024-01-24 01:06,2330,聯合新聞網,"台股早盤開高站上17,900點 台積電628元開平盤 - 聯合新聞網"
2024-01-24 03:57,2330,Anue鉅亨,台積電3奈米製程發威拉升去年Q4整體ASP年增22% | Anue鉅亨 - Anue鉅亨
2024-01-24 08:00,2330,Yahoo奇摩新聞,快訊／台股漲逾百點攻上萬八！台積電領軍「衝上642元」立大功 - Yahoo奇摩新聞
2024-01-24 08:00,2330,Yahoo奇摩股市,台積電勁揚台股早盤漲逾百點挑戰萬八 - Yahoo奇摩股市
2024-01-24 08:33,2330,豐雲學堂,三大法人買賣超– 外資買超(2330)台積電、(2454)聯發科，投信買超(2376)技嘉、(3231)緯創，法人合計賣超7.28億元 ... - 豐雲學堂
2024-01-25 01:04,2330,今周刊-在今天看見明天,台積電(2330)攻635元，台股只差5點上萬八！Netflix、ASML財報靚、微軟市值衝3兆美元，科技股還能多猛？ - 今周刊-在今天看見明天
2024-01-25 01:04,2330,今周刊-在今天看見明天,時隔22個月台股上萬八、台積電(2330)攻642！Netflix、ASML財報靚、微軟市值衝3兆美元，科技股還能多猛？ - 今周刊-在今天看見明天
2024-01-25 01:15,2330,Yahoo奇摩新聞,快訊／搶攻萬八！台積電開盤漲8元台股漲逾百點至17994點 - Yahoo奇摩新聞
2024-01-25 01:25,2330,Yahoo奇摩股市,台積電勁揚台股早盤漲逾百點挑戰萬八 - Yahoo奇摩股市
2024-01-25 01:55,2330,Yahoo奇摩股市,台積電高雄設三廠房租也看漲五年漲一成！一年多負擔3.6萬元 - Yahoo奇摩股市
2024-01-25 02:46,2330,Yahoo奇摩新聞,半導體復甦有望台積電衝上641元續創波段新高 - Yahoo奇摩新聞
2024-01-25 03:51,2330,理財周刊,台積電（2330）利多股價上攻八檔「含積量」高ETF一次看 - 理財周刊
2024-01-25 03:59,2330,Yahoo奇摩新聞,快訊／台股漲逾百點攻上萬八！台積電領軍「衝上642元」立大功 - Yahoo奇摩新聞
2024-01-25 06:10,2330,Yahoo奇摩股市,台積電發威台股上萬八「這族群」只開心一天15檔笑哈哈 - Yahoo奇摩股市
2024-01-25 07:00,2330,Yahoo奇摩新聞,睽違2年上萬八！權王台積電衝至642元台股大漲126點18002點作收 - Yahoo奇摩新聞
2024-01-25 08:00,2330,Yahoo奇摩股市,權證市場焦點－台積電業績外資按讚 - Yahoo奇摩股市
2024-01-25 08:00,2330,Yahoo奇摩新聞,台積電發威帶台股上萬八！自營商狂追「這檔」被搶成買超第一 - Yahoo奇摩新聞
2024-01-25 08:16,2330,Yahoo奇摩新聞,台積電領軍台股收18002.62點睽違22個月重返萬八大關 - Yahoo奇摩新聞
2024-01-25 08:39,2330,豐雲學堂,三大法人買賣超– 外資買超(2330)台積電、(2303)聯電，投信買超(3481)群創、(2376)技嘉，法人合計買超279.77億元 ... - 豐雲學堂
2024-01-25 08:51,2330,Anue鉅亨,力旺OTP完成台積電N4P驗證搶進HPC市場| Anue鉅亨 - Anue鉅亨
2024-01-25 09:13,2330,自由財經,力旺安全強化型OTP 完成台積電N4P先進製程驗證 - 自由財經
2024-01-25 12:00,2330,Yahoo奇摩新聞,三大法人大爆買！台積電獲3萬多張進貨竟非榜首「這檔」買量驚破9萬張 - Yahoo奇摩新聞
2024-01-25 21:58,2330,鉅亨網,臺北股市在台積電(2330-TW)帶動之| 台股| 鉅亨號| Anue鉅亨 - 鉅亨網
2024-01-26 01:07,2330,聯合新聞網,台股萬八高點震盪拉回 開盤跌17點 台積電漲2元開644元 - 聯合新聞網
2024-01-26 01:56,2330,Yahoo奇摩新聞,台積電600元機會與風險 - Yahoo奇摩新聞
2024-01-26 08:00,2330,鉅亨網,台北股市在台積電(2330-TW)帶動之| 台股| 鉅亨號| Anue鉅亨 - 鉅亨網
2024-01-26 08:26,2330,Yahoo奇摩新聞,台積電發威帶台股上萬八！自營商狂追「這檔」被搶成買超第一 - Yahoo奇摩新聞
2024-01-26 08:29,2330,豐雲學堂,三大法人買賣超– 外資買超(2330)台積電、(3661)世芯-KY，投信買超(8069)元太、(3661)世芯-KY，法人合計賣超2.42億元 ... - 豐雲學堂
2024-01-26 17:04,2330,聯合新聞網,台積電車用領域 短線雜音多 - 聯合新聞網
2024-01-27 01:37,2330,Yahoo奇摩新聞,榜上無燈！八大官股賣超「這檔記憶體」最多張台積電被狂噱21.5億 - Yahoo奇摩新聞
2024-01-28 08:00,2330,Yahoo奇摩股市,日本熊本二廠傳最快2/6宣布台積電：無進一步更新 - Yahoo奇摩股市
2024-01-28 20:04,2330,經濟日報,台積電海外布局傳好消息 最快2月6日宣布日本建熊本二廠、美國補貼3月底前到手 - 經濟日報
2024-01-28 22:00,2330,Yahoo奇摩新聞,搶紅包行情1／台積電法說引爆新一波行情法人：30日富台指結算「就看中小型股接棒」 - Yahoo奇摩新聞
2024-01-28 22:33,2330,Yahoo奇摩新聞,台積電效應插旗雲嘉建商吃補麗寶、鄉林擴大布局二線城市 - Yahoo奇摩新聞
2024-01-28 23:23,2330,Yahoo奇摩新聞,日媒曝台積電熊本二廠落腳處最快2月6日宣布好消息 - Yahoo奇摩新聞
2024-01-28 23:44,2330,富聯網,個股：日媒傳台積電(2330)將於2/6宣布熊本廠計劃，規模達2兆日圓 - 富聯網
2024-01-28 23:44,2330,Yahoo奇摩股市,美國將提供數十億美元補貼先進晶片製造，台積電或將受惠 - Yahoo奇摩股市
2024-01-29 01:05,2330,聯合新聞網,台股開漲6點登上萬八關卡 台積電上漲2元 - 聯合新聞網
2024-01-29 01:13,2330,Yahoo奇摩新聞,快訊／萬八保衛戰！台積電漲2元台股開盤小漲至18021點 - Yahoo奇摩新聞
2024-01-29 01:29,2330,Yahoo奇摩股市,台積電創波段新高台股衝18044點創波段高點 - Yahoo奇摩股市
2024-01-29 05:48,2330,Yahoo奇摩股市,台積電衝648元台股收18199點同創波段高點 - Yahoo奇摩股市
2024-01-29 06:05,2330,Yahoo奇摩新聞,台股收盤／台積電漲4元、AI再發威！指數大漲124點收在18119點 - Yahoo奇摩新聞
2024-01-29 06:28,2330,Yahoo奇摩股市,台電財務不穩恐危及台積電？ 經濟部說話了：綠電攸關75萬人就業 - Yahoo奇摩股市
2024-01-29 06:36,2330,豐雲學堂,〈台股盤後〉台積電拉尾盤收最高點18119點續創23個月高| 豐雲學堂 - 豐雲學堂
2024-01-29 08:32,2330,豐雲學堂,三大法人買賣超– 外資買超(2330)台積電、(3037)欣興，投信買超(2376)技嘉、(2330)台積電，法人合計買超168.72億元 ... - 豐雲學堂
2024-01-29 09:14,2330,富聯網,《證交所》今日單一證券鉅額成交股票：台積電、台達電、南亞科 - 富聯網
2024-01-29 13:40,2330,Yahoo奇摩新聞,真是韭王？八大官股賣台積電砸3億買「這檔」 網拍胸脯說：八大大哥沒有輸 - Yahoo奇摩新聞
2024-01-30 01:13,2330,Yahoo奇摩新聞,快訊／台積電跌6元！台股開盤小跌力守18100點 - Yahoo奇摩新聞
2024-01-30 02:29,2330,聯合新聞網,台積電（2330）股價近兩年新高但股東數也創新低？ 專家：完美解釋了這句投資幹話| 聯合新聞網 - 聯合新聞網
2024-01-30 06:00,2330,Yahoo奇摩新聞,台股收盤／台積電跌6元！指數收盤跌85點至18034點 - Yahoo奇摩新聞
2024-01-30 08:00,2330,Yahoo奇摩股市,台積電挫逾2% 台股終場跌145點失守17900點 - Yahoo奇摩股市
2024-01-30 09:13,2330,富聯網,《證交所》今日單一證券鉅額成交股票：統一、台積電、世芯-KY - 富聯網
2024-01-31 01:29,2330,Yahoo奇摩股市,台股早盤挫85點跌破萬八台積電開低8元 - Yahoo奇摩股市
2024-01-31 03:23,2330,Yahoo奇摩股市,〈台股盤中〉台積電領跌走弱指數下挫百點摜破萬八 - Yahoo奇摩股市
2024-01-31 05:05,2330,聯合新聞網,台積電大跌 但這幾檔概念股卻是飆出歷史天價 - 聯合新聞網
2024-01-31 05:55,2330,Yahoo奇摩股市,台積電挫逾2% 台股終場跌145點失守17900點 - Yahoo奇摩股市
2024-01-31 06:35,2330,豐雲學堂,〈台股盤後〉台積電尾盤爆賣壓收跌145點萬八失守出現跳空缺口| 豐雲學堂 - 豐雲學堂
2024-01-31 07:56,2330,Yahoo奇摩新聞,台積電14元蒸發、AI又軟了！台股跌145點收17889點再丟17900大關 - Yahoo奇摩新聞
2024-01-31 08:00,2330,Yahoo奇摩股市,退休金靠這檔！勞退基金前10大持股曝光最愛台積電 - Yahoo奇摩股市
2024-01-31 10:10,2330,鉅亨網,台積電估值648元 會員早知道，減碼股票 買進債券 轉折通通精準預告，台灣唯一股債雙贏的分析師 - 鉅亨網
2024-01-31 12:01,2330,Yahoo奇摩新聞,「這檔」又遭外資賣上萬張！網直呼大逃殺嘆台積電：跌得好像賣了6萬張 - Yahoo奇摩新聞
2024-01-31 23:03,2330,Yahoo奇摩新聞,自營商又在買！等著年後領紅包？「這一檔」買超竟然大贏台積電 - Yahoo奇摩新聞
2024-02-01 01:12,2330,自由財經,同是半導體大廠 台積電、三星市值卻兩樣情 - 自由財經
2024-02-01 01:15,2330,自由財經,捉對市場潮流 台積電市值遠遠超過三星 - 自由財經
2024-02-01 03:27,2330,Yahoo奇摩股市,政府基金去年H2同砍台積電勞保基金最新持股變動曝光 - Yahoo奇摩股市
2024-02-01 04:12,2330,Yahoo奇摩新聞,跌深買盤進場「大盤最高達17916點」！台積電疲軟、AI股拖累欲振乏力 - Yahoo奇摩新聞
2024-02-01 05:44,2330,Yahoo奇摩股市,退休金靠這檔！勞退基金前10大持股曝光最愛台積電 - Yahoo奇摩股市
2024-02-01 05:51,2330,Yahoo奇摩股市,台積電尾盤急拉收平台股越過17900點 - Yahoo奇摩股市
2024-02-01 06:02,2330,Yahoo奇摩股市,〈台股盤後〉台積電尾盤拉抬甩尾上漲78點17900點失而復得 - Yahoo奇摩股市
2024-02-01 08:00,2330,財訊,大摩：美國投資人對投資台積電興趣大增 - 財訊
2024-02-01 08:00,2330,方格子,台積電(2330) 老天爺送給你的禮物！｜Wiki投資筆記 - 方格子 - 方格子
2024-02-01 08:31,2330,豐雲學堂,三大法人買賣超– 外資買超(2330)台積電、(2603)長榮，投信買超(3376)新日興、(8069)元太，法人合計買超220.57億元 ... - 豐雲學堂
2024-02-01 09:45,2330,Yahoo奇摩新聞,中小股強勢不畏台積電、聯發科轉弱分析師：多方趨勢仍不變 - Yahoo奇摩新聞
2024-02-01 19:51,2330,Anue鉅亨,外資回補砸67億元敲進台積電續砍聯電本周累計近7萬張 - Anue鉅亨
2024-02-02 02:51,2330,財訊,大摩：美國投資人對投資台積電興趣大增 - 財訊
2024-02-02 03:30,2330,Yahoo奇摩新聞,直接吊打三星！台積電市值狠甩南韓電子龍頭韓媒分析致勝因素 - Yahoo奇摩新聞
2024-02-02 03:37,2330,Yahoo奇摩股市,大盤萬八震盪，台積電年後有望走揚，再生能源股將成強棒 - Yahoo奇摩股市
2024-02-02 05:49,2330,Yahoo奇摩股市,台積電AI擺尾台股收漲91.82點站穩萬八 - Yahoo奇摩股市
2024-02-02 06:00,2330,Yahoo奇摩新聞,台股收盤／台積電漲7元！AI概念股發威指數漲近百點至18059點 - Yahoo奇摩新聞
2024-02-02 08:37,2330,豐雲學堂,三大法人買賣超– 外資買超(2330)台積電、(2382)廣達，投信買超(2376)技嘉、(3376)新日興，法人合計買超146.32億元 ... - 豐雲學堂
2024-02-02 21:37,2330,方格子,台積電(2330) 老天爺送給你的禮物！｜Wiki投資筆記 - 方格子 - 方格子
2024-02-03 08:00,2330,Yahoo奇摩新聞,台股回春暖洋洋！外資轉身青睞「這檔」掃貨4萬冷落台積電 - Yahoo奇摩新聞
2024-02-04 02:31,2330,豐雲學堂,三大法人買賣超– 外資買超(2330)台積電、(2382)廣達，投信買超(2376)技嘉、(3376)新日興，法人合計買超146.32億元 ... - 豐雲學堂
2024-02-04 08:00,2330,Yahoo奇摩新聞,首登全球最大半導體製造商！台積電拚36年「擠下英特爾、三星」稱霸 - Yahoo奇摩新聞
2024-02-04 08:00,2330,Yahoo奇摩股市,焦點股：志聖受惠台積電CoWoS擴產效應，股價創波段新高 - Yahoo奇摩股市
2024-02-05 01:20,2330,旺得富,《台北股市》台積電率AI開高 兔年封關力守萬八 - 旺得富
2024-02-05 01:37,2330,Yahoo奇摩股市,台積電強勢開高拉不動大盤台股封關力守萬八 - Yahoo奇摩股市
2024-02-05 01:56,2330,Yahoo奇摩新聞,台股封關日！開盤萬八上下震盪台積電最多漲10元至645 - Yahoo奇摩新聞
2024-02-05 02:21,2330,Yahoo奇摩股市,焦點股：志聖受惠台積電CoWoS擴產效應，股價創波段新高 - Yahoo奇摩股市
2024-02-05 02:31,2330,旺得富,《熱門族群》輝達股價再飆高 台積電率AI一軍上攻 - 旺得富
2024-02-05 03:04,2330,Yahoo奇摩新聞,首登全球最大半導體製造商！台積電拚36年「擠下英特爾、三星」稱霸 - Yahoo奇摩新聞
2024-02-05 03:35,2330,Yahoo奇摩股市,台積電ADR勁揚2.08％ 台股今天靠台積電完美封關 - Yahoo奇摩股市
2024-02-05 03:51,2330,Yahoo奇摩股市,〈台股盤中〉台積電率AI股力抗空方兔年封關拚守萬八 - Yahoo奇摩股市
2024-02-05 03:53,2330,Yahoo奇摩股市,台積電金兔年市值增3.6兆元股東每人平均賺340萬元 - Yahoo奇摩股市
2024-02-05 05:00,2330,Yahoo奇摩股市,【兔年封關】台積電金兔年市值增3.7兆元股東財富每人平均增加340萬元 - Yahoo奇摩股市
2024-02-05 06:55,2330,Yahoo奇摩新聞,股民賺逾86萬！台股兔年封關漲36點站穩萬八台積電收646元 - Yahoo奇摩新聞
2024-02-05 07:37,2330,今周刊-在今天看見明天,台積電封關漲逾10元，往上能看多少？謝金河：不知不覺會上千元、市值兆美元「台股肯定攻2萬」 - 今周刊-在今天看見明天
2024-02-05 07:50,2330,Yahoo奇摩新聞,封關日台積電撐半邊天！電零、電腦股助攻台股上漲36點穩守萬八 - Yahoo奇摩新聞
2024-02-05 08:44,2330,豐雲學堂,三大法人買賣超– 外資買超(2330)台積電、(3661)世芯-KY，投信買超(2368)金像電、(8996)高力，法人合計賣超130.72億 ... - 豐雲學堂
2024-02-05 09:13,2330,豐雲學堂,〈ESG狂潮〉中鼎「台積電南科再生水廠」取得環教設施場所認證| 豐雲學堂 - 豐雲學堂
2024-02-05 09:33,2330,Anue鉅亨,〈經濟部年終記者會〉台積電熊本廠開幕規格比照美亞利桑那州廠經長未規劃參加 - Anue鉅亨
2024-02-05 14:40,2330,Yahoo奇摩新聞,國家隊殺爆台積電！八大官股賺翻海撈11億「這些AI股」全遭出貨 - Yahoo奇摩新聞
2024-02-05 21:30,2330,自由財經,台積電收646元 108萬股東開心封關 - 自由財經
2024-02-05 22:29,2330,Yahoo奇摩新聞,台積電熊本廠24日開幕張忠謀可望到場 - Yahoo奇摩新聞
2024-02-06 01:28,2330,豐雲學堂,三大法人買賣超– 外資買超(2330)台積電、(2382)廣達，投信買超(2376)技嘉、(3376)新日興，法人合計買超146.32億元 ... - 豐雲學堂
2024-02-06 01:36,2330,好房網News,台積電熊本廠24日開幕 張忠謀可望到場 - 好房網News
2024-02-06 03:41,2330,Yahoo奇摩股市,外資兔年最愛台積電狂掃63.88萬張 - Yahoo奇摩股市
2024-02-06 07:38,2330,聯合新聞網,台積電（2330）全年大漲143元！ 她：選對標的逢低加碼…長期就會有好報酬| 聯合新聞網 - 聯合新聞網
2024-02-06 10:55,2330,Yahoo奇摩股市,台積電去年Q4每股配3.5元股息6／13除息 - Yahoo奇摩股市
2024-02-06 11:36,2330,經濟日報,台積電員工分紅總額1001億元 平均每人149.52萬元 - 經濟日報
2024-02-06 11:59,2330,Yahoo奇摩新聞,台積電熊本廠宣布興建二廠預計2027年底營運 - Yahoo奇摩新聞
2024-02-06 12:00,2330,Anue鉅亨,〈台積電董事會〉每股配3.5元現金股利6/13除息交易日 - Anue鉅亨
2024-02-06 12:09,2330,自由財經,台積電員工分紅平均每人149.52萬元 歷史次高 - 自由財經
2024-02-06 13:50,2330,Yahoo奇摩新聞,是金子總會發光！上月外資看準「這檔」狂掃逾20萬張台積電也禪讓冠冕 - Yahoo奇摩新聞
2024-02-06 14:11,2330,聯合新聞網,吃台積電設廠商機？國銀赴日設點熱 去年狂賺32億飆高 - 聯合新聞網
2024-02-06 14:22,2330,Yahoo奇摩新聞,台積電啟動熊本JASM二廠興建！增加豐田入股 - Yahoo奇摩新聞
2024-02-06 18:33,2330,旺得富,"外資兔年最愛台積電 買超3,858億元 - 旺得富"
2024-02-06 18:56,2330,經濟日報,台積電蓋熊本二廠拍板 切入6、7奈米製程 豐田入股 JASM - 經濟日報
2024-02-07 02:39,2330,今周刊-在今天看見明天,台積電(2330)豪灑千億分紅，員工平均領150萬！有7年資歷工程師想考公務員「領100去改領50」？ - 今周刊-在今天看見明天
2024-02-07 05:37,2330,Yahoo奇摩股市,台積電1月營收月增22.4％ 寫歷年同期新高 - Yahoo奇摩股市
2024-02-07 05:50,2330,Yahoo奇摩股市,台積電1月營收2157億、月增22.4% 創歷年同期新高 - Yahoo奇摩股市
2024-02-07 05:55,2330,Yahoo奇摩股市,台積電1月營收攀升至2157.85億元創同期新高 - Yahoo奇摩股市
2024-02-07 06:18,2330,Yahoo奇摩新聞,台積電公布元月營收2157億元月增22.4%、年增7.9% 創同期新高 - Yahoo奇摩新聞
2024-02-07 08:00,2330,StockFeel 股感,台積電營收公布！台積電 ( 2330 ) - 全球半導體霸主！完整台積電介紹！ - StockFeel 股感
2024-02-07 08:15,2330,Yahoo奇摩新聞,台積電封關股價「直逼650」！謝金河「1前提」看好：拱到千元 - Yahoo奇摩新聞
2024-02-07 09:52,2330,Yahoo奇摩新聞,還在怕春節變盤嗎？謝金河看好台積電：或許不知不覺會拱上1000元 - Yahoo奇摩新聞
2024-02-07 13:00,2330,Yahoo奇摩股市,護國神山出馬！台積電1月營收雙增「月增22.4%」 網預言：年後8字頭 - Yahoo奇摩股市
2024-02-07 23:52,2330,Yahoo奇摩新聞,六大客戶訂單加持台積電3奈米旺到年底 - Yahoo奇摩新聞
2024-02-08 02:58,2330,方格子,台積電ADR上漲，台股會開紅盤嗎？｜Jackie Chien - 方格子 - 方格子
2024-02-08 09:01,2330,Yahoo奇摩新聞,台積電上班…婆婆竟喊價「紅包要8萬8」！未婚小姑也要3萬6 眾人譙翻 - Yahoo奇摩新聞
2024-02-08 11:15,2330,Yahoo奇摩新聞,護國神山起風了！台積電ADR漲4.69% 謝金河提AI 5：市值挑戰1兆美元重要試金石 - Yahoo奇摩新聞
2024-02-09 07:58,2330,Yahoo奇摩新聞,台積電入選美股「AI 5」 ADR連漲3天周四噴7%折台股838.7元 - Yahoo奇摩新聞
2024-02-09 14:23,2330,今周刊-在今天看見明天,台積電(2330)豪灑千億分紅，員工平均領150萬！有7年資歷工程師想考公務員「領100去改領50」？ - 今周刊-在今天看見明天
2024-02-09 17:45,2330,聯合新聞網,台積電ADR正在示範「美股瘋起來真的很可怕！」 他：好舒服的春節假期| 聯合新聞網 - 聯合新聞網
2024-02-09 20:10,2330,聯合新聞網,已和台積電談過！OpenAI執行長擬募數兆美元擘畫重塑全球半導體| 聯合新聞網 - 聯合新聞網
2024-02-10 01:41,2330,今周刊-在今天看見明天,ARM一天狂漲47%，成台積電(2330)助力！投資人財富增值中...謝金河：世界3大變化，龍年台灣不再被低估 - 今周刊-在今天看見明天
2024-02-10 02:19,2330,今周刊-在今天看見明天,台積電(2330)豪灑千億分紅，員工平均領150萬！有7年資歷工程師想考公務員「領100去改領50」？ - 今周刊-在今天看見明天
2024-02-11 04:32,2330,今周刊-在今天看見明天,台積電(2330)豪灑千億分紅，員工平均領150萬！有7年資歷工程師想考公務員「領100去改領50」？ - 今周刊-在今天看見明天
2024-02-11 04:56,2330,ETtoday財經雲,台積電放31年不賣！謝金河媽媽神操作 11名兒孫共享近2千萬股票 - ETtoday財經雲
2024-02-11 07:31,2330,聯合新聞網,台積電（2330）「飛龍在天」！ 專家去年11月就說過：600元以下真是便宜而七百不過是剛好| 聯合新聞網 - 聯合新聞網
2024-02-11 08:00,2330,Yahoo奇摩新聞,謝金河母親「台積電放31年不賣」！驚人市值曝光全分給11兒孫 - Yahoo奇摩新聞
2024-02-11 13:59,2330,Yahoo奇摩股市,謝金河母「台積電31年不賣」翻323倍！過年全分給兒孫 - Yahoo奇摩股市
2024-02-12 03:31,2330,Yahoo奇摩新聞,台積電放31年！謝金河母「過年全送給孫輩」 價值直逼2000萬 - Yahoo奇摩新聞
2024-02-12 04:40,2330,今周刊-在今天看見明天,台積電(2330)豪灑千億分紅，員工平均領150萬！有7年資歷工程師想考公務員「領100去改領50」？ - 今周刊-在今天看見明天
2024-02-12 08:45,2330,自由財經,台積電ADR週暴漲15％！龍年有望突破688元天價 - 自由財經
2024-02-12 09:39,2330,ETtoday財經雲,追趕台積電！ 韓媒要三星董座學輝達黃仁勳、馬斯克 - ETtoday財經雲
2024-02-12 23:08,2330,ETtoday財經雲,台積電ADR收跌近2% 對台股溢價26% - ETtoday財經雲
2024-02-13 04:47,2330,今周刊-在今天看見明天,台積電(2330)豪灑千億分紅，員工平均領150萬！有7年資歷工程師想考公務員「領100去改領50」？ - 今周刊-在今天看見明天
2024-02-13 05:31,2330,Yahoo奇摩新聞,台積電砸2兆投資！無腦買「高雄預售屋」保證賺？ 內行激推：幾乎零風險 - Yahoo奇摩新聞
2024-02-13 12:20,2330,Yahoo奇摩新聞,台股周四開市！台積電有望突破歷史天價？ 網喊：喜迎688大學長畢業 - Yahoo奇摩新聞
2024-02-14 00:53,2330,好房網News,台積電率先公布元月營收 法人：優於預期、重申買進 - 好房網News
2024-02-14 01:23,2330,阿斯達克財經網,*大摩升台積電(2330.TW)目標價至758元新台幣AI半導體長遠贏家 - 阿斯達克財經網
2024-02-14 02:09,2330,好房網News,他曝「買股唯一鐵則」：Buy and Hold！台積電不怕買高、只怕不買 - 好房網News
2024-02-14 02:57,2330,Yahoo奇摩股市,台積電挑戰688天價帶頭衝！台股龍年高機率開紅盤專家：別急著追 - Yahoo奇摩股市
2024-02-14 02:57,2330,Yahoo奇摩股市,台積電ADR春節期間溢價近24% 開紅盤日挑戰688天價儲祥生：別急著追 - Yahoo奇摩股市
2024-02-14 08:00,2330,今周刊-在今天看見明天,台積電(2330)豪灑千億分紅，員工平均領150萬！有7年資歷工程師想考公務員「領100去改領50」？ - 今周刊-在今天看見明天
2024-02-14 08:33,2330,聯合新聞網,封關期間台積電ADR大漲10％ 永豐投顧：五張圖看懂開紅盤走勢 - 聯合新聞網
2024-02-14 13:23,2330,聯合新聞網,大摩：台積電今年AI營收將占15% 目標價調升至758元 - 聯合新聞網
2024-02-15 01:10,2330,Yahoo奇摩股市,台積電跳空開709元新天價、市值衝破18兆台股漲逾600點創新高 - Yahoo奇摩股市
2024-02-15 01:16,2330,聯合新聞網,台積電（2330）盤中破7字頭…688學長們能退伍了！ 台股開盤大漲568點| 聯合新聞網 - 聯合新聞網
2024-02-15 01:18,2330,Yahoo奇摩新聞,快訊／台積電漲9.75%至709元！台股開盤漲逾600點至18725點創新高 - Yahoo奇摩新聞
2024-02-15 01:21,2330,Yahoo奇摩股市,龍年開紅盤台積電創709元天價市值攀至18.38兆元 - Yahoo奇摩股市
2024-02-15 01:25,2330,Yahoo奇摩新聞,台積電瘋狂擴廠！他驚「為何能稱霸多年？」 眾人揭真相：每年都有新鮮的肝 - Yahoo奇摩新聞
2024-02-15 01:25,2330,Yahoo奇摩股市,台積電688元「山頂大師兄」 歷經25個月終於解套了！ - Yahoo奇摩股市
2024-02-15 01:27,2330,聯合新聞網,台積電全力擴充3奈米產能中砂、辛耘迎好年| 聯合新聞網 - 聯合新聞網
2024-02-15 01:30,2330,Yahoo奇摩股市,紅盤報喜台股開高飆18725歷史新猷台積電站上7字頭 - Yahoo奇摩股市
2024-02-15 01:32,2330,今周刊-在今天看見明天,台股龍年報喜！收盤狂飆548點，台積電(2330)創697元新天價…外資狂敲562億元，萬九要來了？ - 今周刊-在今天看見明天
2024-02-15 01:44,2330,聯合新聞網,龍年開紅盤台積電飆天價開盤跳空衝達709元市值18兆| 聯合新聞網 - 聯合新聞網
2024-02-15 01:47,2330,Yahoo奇摩股市,龍年開紅盤，台積電創天價，AI扮多頭指標 - Yahoo奇摩股市
2024-02-15 02:10,2330,自由財經,台積電熊本建二廠 廠務系統供應商股價歡呼 - 自由財經
2024-02-15 02:26,2330,Yahoo奇摩新聞,台積電開盤跳空勁揚63元！衝破700大關締造歷史新高 - Yahoo奇摩新聞
2024-02-15 02:27,2330,LINE TODAY Taiwan,盤中速報- 台積電(2330)大漲9.13%，報705元 | anue鉅亨網 - LINE TODAY Taiwan
2024-02-15 02:31,2330,Yahoo奇摩股市,台積電爆量大漲台股飛龍在天最高達18725點 - Yahoo奇摩股市
2024-02-15 02:48,2330,Yahoo奇摩新聞,快訊》龍年大開紅盤！台積電暴漲至709元、台股指數漲破600點雙雙刷新紀錄 - Yahoo奇摩新聞
2024-02-15 02:58,2330,理財周刊,台積電（2330）帶頭開紅盤！1月營收月增22%創高法人目標價曝光 - 理財周刊
2024-02-15 03:02,2330,Yahoo奇摩股市,熱門股：奇鋐(3017)、世芯-KY(3661)、台積電(2330)、中砂(1560)、宜鼎(5289) - Yahoo奇摩股市
2024-02-15 03:06,2330,Yahoo奇摩股市,虧大了！台積電9千股東年前急下車每張少賺6萬元 - Yahoo奇摩股市
2024-02-15 03:13,2330,聯合新聞網,台股、台積電創下歷史新高 法人分析「選股策略」掌握多頭趨勢 - 聯合新聞網
2024-02-15 03:20,2330,今周刊-在今天看見明天,龍年開紅盤／外資買超562億史上第5大！台積電(2330)攻破7字頭、台股飆漲568點…歷史新高還能買？ - 今周刊-在今天看見明天
2024-02-15 03:26,2330,東森新聞,台積電狂飆709元天價 鄉民嗨炸：學長退伍了 - 東森新聞
2024-02-15 03:42,2330,Yahoo奇摩股市,台積電衝破700元還可追嗎？王榮旭：不要預設高點 - Yahoo奇摩股市
2024-02-15 03:50,2330,壹蘋新聞網,台積電「全員逃走」！688學長畢業了股民振奮「拉G盤」大解套 - 壹蘋新聞網
2024-02-15 04:37,2330,聯合新聞網,台積電開春紅包行情 2024全年展望將遠優於預期 - 聯合新聞網
2024-02-15 05:22,2330,聯合新聞網,台積電（2330）龍年開盤發「退伍令」！ 專家：前高一過所有股東都賺錢除了這些人外| 聯合新聞網 - 聯合新聞網
2024-02-15 05:30,2330,Yahoo奇摩股市,岳母手握台積電好開心長線聯電不一定較差 - Yahoo奇摩股市
2024-02-15 05:40,2330,Wall Street Journal,台積電股價上漲，因市場對其今年表現預期樂觀 - Wall Street Journal
2024-02-15 06:05,2330,Yahoo奇摩新聞,台積電衝709元新高價收697元台股漲548點收18644 - Yahoo奇摩新聞
2024-02-15 06:10,2330,Yahoo奇摩新聞,台股收盤／台積電收697元！觀光股慘綠指數收在18644點 - Yahoo奇摩新聞
2024-02-15 06:10,2330,Yahoo奇摩新聞,〈台股盤後〉台積電飛龍在天爆量近5000億漲548點創歷史新高 - Yahoo奇摩新聞
2024-02-15 06:25,2330,Yahoo奇摩新聞,台積電開盤跳空709元新天價、台股漲逾600點續創新高 - Yahoo奇摩新聞
2024-02-15 06:49,2330,Yahoo奇摩股市,退休大禮！台積電董座劉德音身價衝破90億元短短一天多6.6億元 - Yahoo奇摩股市
2024-02-15 07:01,2330,Yahoo奇摩新聞,台股大顯龍威！台積電、AI氣勢如虹大盤暴漲548點收18644點寫新高 - Yahoo奇摩新聞
2024-02-15 07:17,2330,Yahoo奇摩新聞,熬過「台積電血崩」盼到709元台南Josh曝下一步！網驚：賭徒謬論 - Yahoo奇摩新聞
2024-02-15 07:38,2330,Yahoo奇摩新聞,手上沒台積電好悶他喊「想想這十萬人」：是不是好多了？ - Yahoo奇摩新聞
2024-02-15 07:55,2330,Yahoo奇摩新聞,10萬股東年前下車...台積電飆709元「每張少賺6萬」！醫吐1句網笑了 - Yahoo奇摩新聞
2024-02-15 08:01,2330,Yahoo奇摩新聞,台積電飆破700大關她歐印嗨喊「局勢會逆轉」：這就是結果 - Yahoo奇摩新聞
2024-02-15 08:40,2330,Yahoo奇摩新聞,歐印台積電被套牢「1股不賣」！Joeman喊奇蹟自來：開工好心情 - Yahoo奇摩新聞
2024-02-15 09:15,2330,今周刊-在今天看見明天,台積電(2330)摜破7字頭！0052、00692、00881…這檔「高含積量」ETF漲逾半根停板，哪些也有看頭？ - 今周刊-在今天看見明天
2024-02-15 10:02,2330,Yahoo奇摩新聞,台積電創新天價…終場掉7字頭！他驚「賣壓從何而來？」 網解答：抓交替 - Yahoo奇摩新聞
2024-02-15 10:20,2330,Yahoo奇摩股市,外資「龍年開盤」最愛台積電！長榮航、華邦電、華航淪提款機 - Yahoo奇摩股市
2024-02-15 10:33,2330,Anue鉅亨,台積電、技嘉帶動台股創史高哪些股還有補漲空間? | Anue鉅亨- 專家觀點 - Anue鉅亨
2024-02-15 10:48,2330,Anue鉅亨,台積電擁三大利多外資調升目標價至758元| Anue鉅亨- 台股新聞 - Anue鉅亨
2024-02-15 11:06,2330,今周刊-在今天看見明天,台積電(2330)豪灑千億分紅，員工平均領150萬！有7年資歷工程師想考公務員「領100去改領50」？ - 今周刊-在今天看見明天
2024-02-15 11:31,2330,Yahoo奇摩新聞,跟著台積電飛天！三大法人橫掃AI股「這檔」不意外買超4萬張 - Yahoo奇摩新聞
2024-02-15 13:29,2330,Yahoo奇摩新聞,台股衝上天！外資歐印台積電4萬逾張這3檔AI飆股也霸榜 - Yahoo奇摩新聞
2024-02-15 21:30,2330,自由財經,財經青紅燈》假如台積電股價衝破1000元... - 自由財經
2024-02-15 22:43,2330,Yahoo奇摩股市,豐田市值7年半來首超三星、亞洲第2大僅輸台積電 - Yahoo奇摩股市
2024-02-15 23:48,2330,聯合新聞網,台積電到709元之後龐大賣壓哪來？網笑「年後退伍潮」：老兵離營了 - 聯合新聞網
2024-02-16 01:03,2330,ETtoday財經雲,台積電漲1元至698 台股上漲逾40點 - ETtoday財經雲
2024-02-16 01:08,2330,聯合新聞網,台股開跌4點再走揚 台積電開平盤 - 聯合新聞網
2024-02-16 01:08,2330,今周刊-在今天看見明天,台積電 vs 0050存股大對決！陳重銘：30年來我只存股台積電(2330)，絕對不買0050的4個理由 - 今周刊-在今天看見明天
2024-02-16 01:31,2330,Yahoo奇摩股市,台積電翻黑下跌4元台股漲逾70點越過18700點 - Yahoo奇摩股市
2024-02-16 01:45,2330,Yahoo奇摩新聞,國家隊口袋塞滿！八大官股賣台積電爽賺62億「美超微概念股」漲停被提款 - Yahoo奇摩新聞
2024-02-16 02:18,2330,Yahoo奇摩新聞,豐田市值7年半來首超三星、亞洲第2大僅輸台積電 - Yahoo奇摩新聞
2024-02-16 02:46,2330,Yahoo奇摩新聞,台股激情過後！台積電早盤「小跌至692元」專家示警：小心震盪 - Yahoo奇摩新聞
2024-02-16 03:14,2330,Yahoo奇摩股市,台積電飆新天價帶動「竹科新貴鈔能力」周邊預售屋3年飆六成！ - Yahoo奇摩股市
2024-02-16 03:47,2330,Yahoo奇摩新聞,Joeman台積電不賣「1條件」還想再加碼！親曝收入狀況：還過得去 - Yahoo奇摩新聞
2024-02-16 04:10,2330,Yahoo奇摩新聞,小資股民看這邊！「台積電股價飆破700大關」下不了手？一文盤點13支高「含積量」ETF - Yahoo奇摩新聞
2024-02-16 05:40,2330,Yahoo奇摩股市,台積電下挫14元台股跌37點收18607點 - Yahoo奇摩股市
2024-02-16 05:42,2330,ETtoday財經雲,台積電跌14元收683 台股開高走低小跌37點守住18600點 - ETtoday財經雲
2024-02-16 06:00,2330,Yahoo奇摩新聞,台股收盤／台積電跌14元！指數小跌37點至18607點 - Yahoo奇摩新聞
2024-02-16 06:59,2330,今周刊-在今天看見明天,台積電(2330)700元該賣嗎、多少錢可以買？台積電長中短線投資分析：大摩心目中的甜甜價是●●元 - 今周刊-在今天看見明天
2024-02-16 07:18,2330,聯合新聞網,台積電加碼還下車？Joeman「一股都沒賣」：1時間點再買進 - 聯合新聞網
2024-02-16 07:53,2330,Yahoo奇摩新聞,謝金河喊「台灣百年最大機會」！台積電跌14元收最低網：冥燈威力不容小覷 - Yahoo奇摩新聞
2024-02-16 10:28,2330,Yahoo奇摩新聞,台積電軟趴趴！自營商撿便宜敲進最多張「這檔AI PC」上噴5.7%成買超亞軍 - Yahoo奇摩新聞
2024-02-16 14:01,2330,Yahoo奇摩新聞,和外資對著幹！八大官股掃「這檔」近6千張再掏9億救台積電 - Yahoo奇摩新聞
2024-02-17 01:47,2330,Yahoo奇摩股市,台積電資安長林錦坤身價94億元比董總還高20位副總擁上億身價 - Yahoo奇摩股市
2024-02-17 04:05,2330,Yahoo奇摩股市,台積電也長抱金融債！法人：可透過ETF跟上護國神山腳步 - Yahoo奇摩股市
2024-02-17 04:37,2330,Yahoo奇摩股市,熊本廠傳量產時程提早台積電：依計畫年底前量產 - Yahoo奇摩股市
2024-02-17 04:52,2330,Yahoo奇摩新聞,台積電創天價「竹科人」下手了？新竹房價「3年飆6成」原因曝 - Yahoo奇摩新聞
2024-02-17 05:43,2330,Yahoo奇摩新聞,自營商完美操作最愛台積電敲進37億元 - Yahoo奇摩新聞
2024-02-17 07:42,2330,Yahoo奇摩新聞,喜迎台積電！熊本夜生活經濟活絡酒吧客人「全身精品」日砸20萬喝酒 - Yahoo奇摩新聞
2024-02-17 10:44,2330,Yahoo奇摩新聞,國發基金2023年總進帳逾288億台積電、陽明成金雞母 - Yahoo奇摩新聞
2024-02-17 22:27,2330,Yahoo奇摩新聞,國發基金去年獲利289億台積電、陽明是大金雞 - Yahoo奇摩新聞
2024-02-18 03:43,2330,聯合新聞網,台股定心丸！內外資調升台積電目標價 1Q EPS上看8元 - 聯合新聞網
2024-02-18 06:22,2330,Yahoo奇摩新聞,國發基金去年獲利289億台積電、陽明是大金雞 - Yahoo奇摩新聞
2024-02-18 13:10,2330,Yahoo奇摩新聞,長老削翻了！八大公股上週大賣數千張台積電「這2檔」AI也一起出貨 - Yahoo奇摩新聞
2024-02-18 13:25,2330,Yahoo奇摩新聞,台積電飛龍飆上709元卻湧「退伍潮」！ 鄉民喊：賭徒隔一陣子又入伍了 - Yahoo奇摩新聞
2024-02-19 01:01,2330,Yahoo奇摩股市,股神也失算？因「地緣政治」四個字巴菲特賣光台積電少賺上千億元 - Yahoo奇摩股市
2024-02-19 02:00,2330,Yahoo奇摩股市,台積電開盤下跌9元台股力守18600點 - Yahoo奇摩股市
2024-02-19 02:20,2330,聯合新聞網,台積電（2330）遇到這「五種情況」就能賣出！ 專家：若技術和EPS持續上漲破千也要緊抱| 聯合新聞網 - 聯合新聞網
2024-02-19 02:46,2330,Yahoo奇摩新聞,受美股收黑影響！台股19日台積電跌9元大盤力守18600點 - Yahoo奇摩新聞
2024-02-19 08:00,2330,Yahoo奇摩新聞,台積電下挫！非電族群挺身而出台股收漲28.55點「電機、水泥、玻璃最強勁」 - Yahoo奇摩新聞
2024-02-19 08:32,2330,台灣好新聞,財經急診事-20240219／晶圓代工兩樣情台積電&amp;聯電比一比 - 台灣好新聞
2024-02-19 13:30,2330,Yahoo奇摩新聞,外資倒AI股「這檔」賣破3萬張！另倒破萬張台積電網：教召一個都別想跑 - Yahoo奇摩新聞
2024-02-19 15:20,2330,豐雲學堂,英特爾下周秀新技術隔空較勁台積電| 豐雲學堂 - 豐雲學堂
2024-02-20 01:15,2330,Yahoo奇摩新聞,快訊／台積電跌3元！台股開盤小跌25點守住18600關卡 - Yahoo奇摩新聞
2024-02-20 02:00,2330,Yahoo奇摩新聞,台積電開低走高！台股龍年再創歷史新高早盤大漲逾120點「飆18756點」 - Yahoo奇摩新聞
2024-02-20 02:05,2330,Yahoo奇摩新聞,訂單滿手獲青睞！「這檔」重電股獲自營商數千張買進另進貨千張台積電 - Yahoo奇摩新聞
2024-02-20 02:32,2330,自由財經,全球前25大半導體公司 台積電、聯電入列 - 自由財經
2024-02-20 03:03,2330,自由財經,台積電股價翻紅 市值回升到17.78兆元 - 自由財經
2024-02-20 04:00,2330,Yahoo奇摩新聞,不甩外資連2賣！台積電回神大漲8元自營商連3日敲5249張完勝 - Yahoo奇摩新聞
2024-02-20 05:15,2330,Yahoo奇摩新聞,全球前25強半導體公司出爐！台積電、聯電皆上榜冠軍是它 - Yahoo奇摩新聞
2024-02-20 05:50,2330,Yahoo奇摩新聞,台股收盤／指數再創新高！漲逾百點至18753點台積電漲9元 - Yahoo奇摩新聞
2024-02-20 06:33,2330,台灣好新聞,財經急診事-20240219／晶圓代工兩樣情台積電與聯電比一比 - 台灣好新聞
2024-02-20 06:57,2330,Yahoo奇摩新聞,〈台股盤後〉台積電神龍擺尾拉抬指數終場漲117點收18753點 - Yahoo奇摩新聞
2024-02-20 07:18,2330,Yahoo奇摩股市,台積電熊本廠開幕國內首檔半導體上游ETF00941搶押寶26日上市 - Yahoo奇摩股市
2024-02-20 14:20,2330,Yahoo奇摩股市,臺師大與台積電合作半導體學程 - Yahoo奇摩股市
2024-02-20 23:21,2330,自由財經,LTN經濟通》決戰2奈米? 台積電、三星、英特爾誰勝出- 自由財經 - 自由財經
2024-02-21 00:59,2330,自由財經,電費將調漲 估台積電年增電費逾80億元 - 自由財經
2024-02-21 01:13,2330,Yahoo奇摩新聞,快訊／台積電跌9元！台股開盤跌79點至18673點 - Yahoo奇摩新聞
2024-02-21 01:35,2330,Yahoo奇摩股市,台積電跌1% 台股早盤跌逾百點暫失18700點 - Yahoo奇摩股市
2024-02-21 01:48,2330,商周財富網,台積電股價走高，該續抱還是解套出場？存股達人小車：符合5種情況，我才會賣掉成長股 - 商周財富網
2024-02-21 02:13,2330,Yahoo奇摩股市,台積電開盤跌9元專家：良性拉回、熊本廠將開幕利多 - Yahoo奇摩股市
2024-02-21 02:14,2330,自由財經,台積電狂飆不敢追？投信：透過科技ETF進場 - 自由財經
2024-02-21 05:00,2330,Yahoo奇摩新聞,台積電壓盤、AI軟趴趴！航運、電機強漲硬撐台股跌百點「失守18700大關」 - Yahoo奇摩新聞
2024-02-21 05:55,2330,Yahoo奇摩新聞,台股收盤／台積電跌6元！台股跌76點失守18700關卡 - Yahoo奇摩新聞
2024-02-21 08:33,2330,Yahoo奇摩新聞,台積電供應鏈志聖營運回春1月獲利大增1.5倍EPS 0.49元 - Yahoo奇摩新聞
2024-02-21 09:44,2330,今周刊-在今天看見明天,身為台灣第1家上市的半導體公司，聯電(2303)比台積電(2330)成立早，為何30多年後股價差這麼多？ - 今周刊-在今天看見明天
2024-02-21 10:33,2330,Yahoo奇摩新聞,台積電處分安謀股票賺逾18億元 - Yahoo奇摩新聞
2024-02-21 10:49,2330,經濟日報,台積電賣出Arm 持股85萬股處分利益逾18億元| 產業熱點| 產業| 經濟日報 - 經濟日報
2024-02-21 10:49,2330,經濟日報,台積電賣出 Arm 持股85萬股 處分利益逾18億元 - 經濟日報
2024-02-21 11:47,2330,Yahoo奇摩新聞,台積電賣安謀85萬股處分利益逾18億元 - Yahoo奇摩新聞
2024-02-21 12:40,2330,Yahoo奇摩新聞,台積電逢高出脫安謀（Arm）85萬股處分利益逾18億元 - Yahoo奇摩新聞
2024-02-21 13:12,2330,自由財經,台積電出售安謀持股85萬股 獲利逾18億元 - 自由財經
2024-02-21 18:23,2330,Yahoo奇摩股市,英特爾喜獲微軟大客戶劍指台積電 - Yahoo奇摩股市
2024-02-21 23:37,2330,中時新聞網,《半導體》台積電處分850張安謀持股 可配發盈餘增逾18億 - 中時新聞網
2024-02-21 23:40,2330,旺得富,未滿半年就砍股！台積電處分850張安謀 進帳18億元用途曝光 - 旺得富
2024-02-22 01:15,2330,Yahoo奇摩新聞,輝達財報太狂！台積電開盤漲14元至695元台股再創高 - Yahoo奇摩新聞
2024-02-22 01:37,2330,自由財經,焦點股》志聖：切入台積電CoWos 股價再飆天價 - 自由財經
2024-02-22 01:45,2330,Yahoo奇摩股市,台積電領軍AI氣勢強，台股跳空大漲再創新高 - Yahoo奇摩股市
2024-02-22 02:40,2330,Yahoo奇摩股市,台積電還能進場嗎？專家曝買點中小股也強強滾 - Yahoo奇摩股市
2024-02-22 03:22,2330,自由財經,三星IP合作夥伴有意加入台積電IP聯盟 - 自由財經
2024-02-22 03:46,2330,Yahoo奇摩股市,《熱門族群》輝達號召AI多頭台積電領攻散熱飆最猛 - Yahoo奇摩股市
2024-02-22 05:34,2330,Yahoo奇摩股市,潛力股：台積電 - Yahoo奇摩股市
2024-02-22 06:32,2330,旺得富,未滿半年就砍股！台積電處分850張安謀 進帳18億元用途曝光 - 旺得富
2024-02-22 08:20,2330,Yahoo奇摩新聞,台積電、聯發科領銜！台股大漲176點電機、半導體、航運多頭出擊 - Yahoo奇摩新聞
2024-02-22 09:14,2330,香港經濟日報 - 即時新聞,兩年九間台灣晶片公司向日本擴張台積電更宣布日本第二座工廠計劃- 香港經濟日報- 即時新聞頻道- iMoney智富- 環球政經 - 香港經濟日報 - 即時新聞
2024-02-22 09:55,2330,豐雲學堂,〈台股盤中〉台積電壓盤、航運股乘風破浪18700點失而復得| 豐雲學堂 - 豐雲學堂
2024-02-23 01:06,2330,Yahoo奇摩股市,輝達撐起全球！台積電重返700大關台股站上萬九再飆新天價 - Yahoo奇摩股市
2024-02-23 01:24,2330,Yahoo奇摩股市,台積電重登700元台股早盤漲近160點攻上萬九大關 - Yahoo奇摩股市
2024-02-23 01:34,2330,Yahoo奇摩股市,台股飆萬九、台積電站回700元元宵變盤？專家：漲太快不排除拉回修正 - Yahoo奇摩股市
2024-02-23 01:44,2330,Yahoo奇摩新聞,輝達太旺！美股勁揚助攻台股開盤飆萬九、台積電站上700 - Yahoo奇摩新聞
2024-02-23 02:00,2330,聯合新聞網,Nvidia 股價狂漲16% 台積電701元開盤市值飆上18兆 - 聯合新聞網
2024-02-23 02:01,2330,自由財經,台積電熊本蓋廠效率太高 韓媒嘆：我們太落後了... - 自由財經
2024-02-23 03:03,2330,Yahoo奇摩股市,台積電熊本廠將開幕童子賢：赴日是個好選擇 - Yahoo奇摩股市
2024-02-23 04:48,2330,Yahoo奇摩股市,台積電市值站上18兆元台股60兆元目標到手 - Yahoo奇摩股市
2024-02-23 05:07,2330,自由財經,路透：日本半導體復興路 台積電助攻 - 自由財經
2024-02-23 06:09,2330,聯合新聞網,跟著台積電（2330）一起飛…含積量最多的15檔ETF曝光！ 專家：0050佔比過半| 聯合新聞網 - 聯合新聞網
2024-02-23 07:56,2330,經濟日報,台積電熊本廠明開幕！研調：牽動日本半導體近十年發展 - 經濟日報
2024-02-23 08:04,2330,Yahoo奇摩新聞,台積電進駐熊本「經濟復活號角響起」 超市「沙士、新竹米粉」全都有 - Yahoo奇摩新聞
2024-02-23 08:18,2330,聯合新聞網,台積電來到7字頭！台南Josh急問「這次該跑嗎」 網喊：等你開示 - 聯合新聞網
2024-02-23 08:24,2330,Yahoo奇摩新聞,台積電熊本廠20個月完工！高效率驚呆韓媒「我們落後了」反觀三星、SK海力士 - Yahoo奇摩新聞
2024-02-23 08:39,2330,富聯網,個股：台積電規劃日本布局延伸至封測，熊本、福岡與大阪都爭取為三廠設點區 - 富聯網
2024-02-23 09:35,2330,民視新聞網FTVn,台積電助日晶片業走上漫漫復興路 新創公司受矚 - 民視新聞網FTVn
2024-02-23 10:32,2330,台視全球資訊網,台積電熊本廠明開幕集邦：牽動日半導體業發展 - 台視全球資訊網
2024-02-23 10:33,2330,聯合新聞網,台積電落腳嘉科？ 國科會主委吳政忠這麼說 - 聯合新聞網
2024-02-23 16:32,2330,聯合新聞網,經長王美花：日本有意補助台積電擴廠 - 聯合新聞網
2024-02-23 16:36,2330,聯合新聞網,台積電日本熊本一廠建廠神速…政府、民間神助攻 - 聯合新聞網
2024-02-24 00:53,2330,自由財經,台積電熊本廠今開幕 打造「第1」半導體日不落國 - 自由財經
2024-02-24 00:53,2330,Anue鉅亨,台積電熊本廠開幕、輝達財報亮眼AI族群狂歡、台股突破萬九大關 本周大事回顧| Anue鉅亨- 台股新聞 - Anue鉅亨
2024-02-24 01:02,2330,聯合新聞網,台積電熊本廠來了！回顧廣達林百里「一句話」 搞懂上下游未來商機 - 聯合新聞網
2024-02-24 01:18,2330,Yahoo奇摩新聞,長老不留情面賣台積電！另倒「這檔重電」數千張網：日常倒貨給追高外資 - Yahoo奇摩新聞
2024-02-24 02:18,2330,Yahoo奇摩新聞,台積電熊本廠開幕了！謝金河喜「台灣翻轉跟班地位」：今天領航日本 - Yahoo奇摩新聞
2024-02-24 05:54,2330,經濟日報,台積電熊本廠開幕 「日本製造」啟動的三大發展趨勢 - 經濟日報
2024-02-24 05:55,2330,聯合新聞網,台積電熊本廠今開幕 日本製造三大發展趨勢一次看 - 聯合新聞網
2024-02-24 06:57,2330,Yahoo奇摩新聞,台積電熊本廠正式開幕！張忠謀提JASM：為半導體供應擔任強大韌性角色 - Yahoo奇摩新聞
2024-02-24 07:41,2330,聯合新聞網,台積電熊本廠開幕劉德音：成為對熊本有正面影響的領先企業| 聯合新聞網 - 聯合新聞網
2024-02-24 08:00,2330,豐雲學堂,三大法人買賣超– 外資買超(2454)聯發科、(2330)台積電，投信買超(2603)長榮、(2379)瑞昱，法人合計買超240.26億元 ... - 豐雲學堂
2024-02-24 08:04,2330,Yahoo奇摩股市,拍板承諾！岸田文雄祝賀台積電熊本廠開幕宣布砸2500億「加碼補助二廠」 - Yahoo奇摩股市
2024-02-24 08:20,2330,Yahoo奇摩新聞,台積電進駐發大財！熊本「地價1坪2萬→20萬」商家嗨翻：台灣很多有錢人 - Yahoo奇摩新聞
2024-02-24 08:51,2330,聯合新聞網,「歡迎台積電建熊本二廠」 日本經濟產業大臣：將補助7320億日圓| 聯合新聞網 - 聯合新聞網
2024-02-24 12:40,2330,Yahoo奇摩股市,龔明鑫大讚台積電熊本設廠，將鞏固半導體生態系與提升供應鏈韌性 - Yahoo奇摩股市
2024-02-24 16:19,2330,聯合新聞網,台積電JASM熊本廠開幕日本官方送大禮| 財經 - 聯合新聞網
2024-02-25 03:50,2330,LINE TODAY Taiwan,【半導體】台積電(2330)日本設廠，預計將帶動供應鏈資本支出 | 優分析 | LINE TODAY - LINE TODAY Taiwan
2024-02-25 03:57,2330,聯合新聞網,受惠輝達訂單 法人看好台積電營運後市 - 聯合新聞網
2024-02-25 07:35,2330,豐雲學堂,三大法人買賣超– 外資買超(2454)聯發科、(2330)台積電，投信買超(2603)長榮、(2379)瑞昱，法人合計買超240.26億元 ... - 豐雲學堂
2024-02-25 11:30,2330,Yahoo奇摩新聞,長老倒貨收紅台積電！上週直接大賣數千張航運「這3檔」紛紛被拋 - Yahoo奇摩新聞
2024-02-25 11:33,2330,LINE TODAY Taiwan,周末精選1／台積電布局日、美、德 半導體晶圓代工日不落國成形 | 經濟日報 | LINE TODAY - LINE TODAY Taiwan
2024-02-26 01:15,2330,Yahoo奇摩新聞,快訊／台積電漲3元！台股開盤小漲至18899點 - Yahoo奇摩新聞
2024-02-26 01:24,2330,Yahoo奇摩股市,台積電熊本廠開幕神救援！台股早盤由黑翻紅再度挑戰萬九 - Yahoo奇摩股市
2024-02-26 01:46,2330,Yahoo奇摩股市,台積電再攻700元專家：3月有望創新天價、短線設備股受惠 - Yahoo奇摩股市
2024-02-26 05:06,2330,聯合新聞網,台積電熊本廠開幕股價不給力 這檔概念股卻衝漲停 - 聯合新聞網
2024-02-26 08:50,2330,Yahoo奇摩股市,《國際金融》趁熱快脫手？「女股神」賣出輝達、台積電 - Yahoo奇摩股市
2024-02-26 10:30,2330,Yahoo奇摩新聞,「這檔」電子權值股今收黑！自營救援大買數千張外加進貨千張台積電 - Yahoo奇摩新聞
2024-02-26 10:55,2330,Yahoo奇摩股市,金控老董曝台積電熊本廠徵大學畢業生薪水6萬元價碼高出當地四成 - Yahoo奇摩股市
2024-02-26 13:30,2330,Yahoo奇摩新聞,八大官股大賣「這幾檔」！台積電近13億入手網：長老又是日常倒貨賺翻 - Yahoo奇摩新聞
2024-02-26 22:46,2330,Yahoo奇摩新聞,台積電新廠效益來了！台鏈AI四天王隔空受惠有望「這時」起漲 - Yahoo奇摩新聞
2024-02-27 01:11,2330,聯合新聞網,台股再攻上萬九！台積電開700元 市場聚焦 MWC 開展 - 聯合新聞網
2024-02-27 01:15,2330,Yahoo奇摩新聞,快訊／台積電漲2元！台股開盤漲逾50點「再站萬九」 - Yahoo奇摩新聞
2024-02-27 01:28,2330,Yahoo奇摩股市,台積電開盤漲2元台股衝19021點創新高 - Yahoo奇摩股市
2024-02-27 02:27,2330,聯合新聞網,日本補貼台積電建熊本二廠 王美花：政府優先支持先進製程在台落地 - 聯合新聞網
2024-02-27 02:28,2330,商周財富網,一旦台積電漲完，就是綠能環保股的「起飛時刻」？上市櫃綠能環保股誰值得注意？ - 商周財富網
2024-02-27 03:30,2330,Yahoo奇摩股市,228前變盤！台積電盤中重跌10元專家：漲太多拉回比較健康 - Yahoo奇摩股市
2024-02-27 07:46,2330,Yahoo奇摩股市,《半導體》台積電3月5日受邀海外法說會 - Yahoo奇摩股市
2024-02-27 12:17,2330,Yahoo奇摩股市,中科二期都計變更程序完成台積電：配合主管機關作業 - Yahoo奇摩股市
2024-02-27 20:10,2330,Yahoo奇摩新聞,"台積電配息優達新一年領1,340萬元 - Yahoo奇摩新聞"
2024-02-28 01:01,2330,好房網News,台積電海外設廠效應…去年國際收支 寫三個新高 - 好房網News
2024-02-28 05:01,2330,Yahoo奇摩股市,"《塑膠股》台積電配息優達新一年領1,340萬元 - Yahoo奇摩股市"
2024-02-28 19:00,2330,聯合新聞網,台積電組織將大幅調整 新接班梯隊成軍 - 聯合新聞網
2024-02-28 19:00,2330,聯合新聞網,AI應用 催動台積電擴廠需求 - 聯合新聞網
2024-02-28 21:39,2330,聯合新聞網,台積電先進製程廠傳落腳雲林政院規劃擴大中科虎尾園區| 聯合新聞網 - 聯合新聞網
2024-02-29 01:38,2330,聯合新聞網,半導體股票僅台積電能買…別自作聰明買聯電、力積電、世界先進！ 謝金河：老二連50塊都上不去| 聯合新聞網 - 聯合新聞網
2024-02-29 01:49,2330,Yahoo奇摩新聞,受美股拖累！台股開盤下跌57點破1萬8800關卡後強拉平盤台積電挫近1% - Yahoo奇摩新聞
2024-02-29 02:03,2330,四季線上4gTV,美通膨物數據將出爐「台股開盤下跌」 台積電跌7元｜四季線上4gTV - 四季線上4gTV
2024-02-29 02:03,2330,四季線上4gTV,美通膨物數據將出爐「台股開盤下跌」 台積電跌7元 - 四季線上4gTV
2024-02-29 03:50,2330,Yahoo奇摩新聞,謝金河開示「半導體只能買台積電」 別自作聰明買聯電：晶圓代工命運不一樣 - Yahoo奇摩新聞
2024-02-29 04:30,2330,Yahoo奇摩新聞,〈台股盤中〉台積電不振資金住中小型題材個股集中 - Yahoo奇摩新聞
2024-02-29 05:13,2330,Yahoo奇摩新聞,台積電第3代接班出爐？秦永沛、米玉傑升任營運長中科二期預計2027年完工 - Yahoo奇摩新聞
2024-02-29 05:13,2330,Yahoo奇摩新聞,台積電中科二期過關！預計2027年完工傳下一步「先進製程廠」將落腳雲林 - Yahoo奇摩新聞
2024-02-29 05:45,2330,聯合新聞網,"MSCI新季度生效 台股漲112點收18,966點 台積電跌8元 - 聯合新聞網"
2024-02-29 06:03,2330,聯合新聞網,台積電新人事 任命兩位共同營運長 - 聯合新聞網
2024-02-29 06:08,2330,Anue鉅亨,〈台積電啟動接班〉台積電宣布第三代接班團隊米玉傑、秦永沛任共同營運長| Anue鉅亨- 台股新聞 - Anue鉅亨
2024-02-29 06:12,2330,Yahoo奇摩股市,《半導體》台積電設共同營運長米玉傑、秦永沛明上任 - Yahoo奇摩股市
2024-02-29 06:13,2330,聯合新聞網,台積電宣布秦永沛 米玉傑擔任共同營運長 - 聯合新聞網
2024-02-29 06:27,2330,Yahoo奇摩股市,台積電魏哲家接班團隊成形米玉傑、秦永沛任共同營運長 - Yahoo奇摩股市
2024-02-29 06:28,2330,Yahoo奇摩股市,台積電第3代梯隊出爐！米玉傑、秦永沛升任共同營運長 - Yahoo奇摩股市
2024-02-29 06:57,2330,Yahoo奇摩新聞,台積電人事異動 29日任命米玉傑、秦永沛出任共同營運長 - Yahoo奇摩新聞
2024-02-29 07:14,2330,Yahoo奇摩股市,台積電經營層佈局藍圖浮出，秦永沛與米玉傑升任執行副總暨共同營運長 - Yahoo奇摩股市
2024-02-29 08:04,2330,富聯網,財報：台積電(2330)112年全年歸屬母公司淨利8384億9766萬元，EPS 32.34元 - 富聯網
2024-02-29 08:17,2330,Yahoo奇摩新聞,第三代接班梯隊出線台積電董事會通過秦永沛、米玉傑任共同營運長 - Yahoo奇摩新聞
2024-02-29 08:36,2330,Yahoo奇摩新聞,台積電壓尾盤台股萬九得而復失分析師：短線留意外資 - Yahoo奇摩新聞
2024-02-29 09:08,2330,富聯網,個股：台積電(2330)魏哲家獲頒交大名譽工學與理學雙博士，稱客戶永遠是第一 - 富聯網
2024-02-29 11:07,2330,Yahoo奇摩新聞,台積電2位新營運長身價出爐！ 秦永沛63億元比魏哲家還高 - Yahoo奇摩新聞
2024-02-29 17:02,2330,四季線上4gTV,台積電狂漲創新高！黃鐙輝大膽預言「破千是遲早的事」解析1關鍵｜四季線上4gTV - 四季線上4gTV
2024-02-29 22:57,2330,Yahoo奇摩新聞,秦永沛被喻「台積電總工程師」 - Yahoo奇摩新聞
2024-02-29 23:03,2330,Yahoo奇摩新聞,時勢造英雄！「這檔崛起」連6漲被自營商買入台積電也望之興嘆 - Yahoo奇摩新聞
2024-03-01 01:14,2330,Yahoo奇摩新聞,快訊／台股續衝新高！開盤漲逾70點至19041點 台積電漲7元 - Yahoo奇摩新聞
2024-03-01 01:27,2330,好房網News,擁自家產品還想競爭？台積電魏哲家喊話加州、南韓對手：門都沒有 - 好房網News
2024-03-01 03:32,2330,壹蘋新聞網,半導體只能買台積電？謝金河點名「3檔股別碰」：變成殺戮戰場 - 壹蘋新聞網
2024-03-01 04:24,2330,Yahoo奇摩新聞,台積電米玉傑、秦永沛是誰？魏哲家左右手「超狂經歷」全曝光 - Yahoo奇摩新聞
2024-03-01 05:24,2330,Yahoo奇摩新聞,台積電員工一票喊離職？看「分紅金額」秒腳麻跪下 網：香哭了 - Yahoo奇摩新聞
2024-03-01 06:35,2330,Yahoo奇摩新聞,半導體只能買台積電？謝金河點名「3股票」千萬別碰 聯電躺著也中槍 - Yahoo奇摩新聞
2024-03-01 08:17,2330,富聯網,個股：台積電(2330)調整112年Q3每股現金股利，調整後每股配發3.49978969元 - 富聯網
2024-03-02 01:25,2330,好房網News,台積電進駐發威 京城銀：台南善化嘉義太保房價破3字頭 - 好房網News
2024-03-02 02:35,2330,Yahoo奇摩股市,台積電第三代接班團隊就位、GDP與CPI連袂上修、金控法說登場本周大事回顧 - Yahoo奇摩股市
2024-03-02 04:26,2330,Yahoo奇摩新聞,想碰卻怕受傷！股民「688元台積電」下手兩難她不畏「叫爸媽進場積積」：我就歐印 - Yahoo奇摩新聞
2024-03-02 08:00,2330,LINE TODAY Taiwan,台積電擬在台招募6千人 碩士新進工程師年薪2百萬 | 經濟日報 | LINE TODAY - LINE TODAY Taiwan
2024-03-02 08:47,2330,富聯網,《半導體》台積電校園徵才開跑2024擬在台招募6千新血 - 富聯網
2024-03-02 09:02,2330,Yahoo奇摩新聞,台積電熊本2廠比1廠更大！面積相當「7座東京巨蛋」 500名台籍員工將外派 - Yahoo奇摩新聞
2024-03-02 09:30,2330,Yahoo奇摩股市,〈台大校園徵才〉台積電碩畢新進工程師年薪200萬元今年再招6000名員工 - Yahoo奇摩股市
2024-03-02 10:30,2330,Yahoo奇摩新聞,大掃貨！自營商看中「重電1檔」股價飆週買超量大贏台積電 - Yahoo奇摩新聞
2024-03-02 13:00,2330,Yahoo奇摩新聞,台中銀股利飆升「股民拚手速」！擊敗台積電登三大法人週買超冠軍 - Yahoo奇摩新聞
2024-03-03 18:16,2330,聯合新聞網,台積電熊本廠熱轉 采鈺、尚立跟著旺 - 聯合新聞網
2024-03-03 22:18,2330,Yahoo奇摩新聞,看好台積電！站穩700機會大 - Yahoo奇摩新聞
2024-03-04 01:02,2330,Yahoo奇摩新聞,台股2月大漲千點！自營商月買台積電近萬張冠軍是「它」狂掃1.6萬張 - Yahoo奇摩新聞
2024-03-04 01:14,2330,Yahoo奇摩股市,台積電暴漲26元創715元新天價市值再衝破18兆 - Yahoo奇摩股市
2024-03-04 01:22,2330,自由財經,美國之音：台積電熊本廠推動台日關係中國看不到優勢恐施壓- 自由財經 - 自由財經
2024-03-04 01:29,2330,今周刊-在今天看見明天,台積電(2330)進軍熊本不是美國黑船再現！「三星教訓」讓台日雙方知道：不要跟對手合作 - 今周刊-在今天看見明天
2024-03-04 01:31,2330,Yahoo奇摩股市,台積電創新天價715元市值攀高至18.54兆元 - Yahoo奇摩股市
2024-03-04 01:35,2330,Yahoo奇摩新聞,台積電寫715元天價台股早盤創19208點新高麗臺、晟銘電強攻漲停 - Yahoo奇摩新聞
2024-03-04 01:36,2330,Yahoo奇摩股市,《台北股市》台積電715元新高台股飛越萬九創19208點新頁 - Yahoo奇摩股市
2024-03-04 01:45,2330,Yahoo奇摩股市,台積電開盤漲26元台股衝19208點創新高 - Yahoo奇摩股市
2024-03-04 01:46,2330,Yahoo奇摩股市,再創高！台積電漲31元飆720元新天價市值衝破18兆 - Yahoo奇摩股市
2024-03-04 01:51,2330,聯合新聞網,台積電 ADR 飆漲 股價衝上歷史新高720元、市值18.67兆 - 聯合新聞網
2024-03-04 01:53,2330,Yahoo奇摩股市,台股衝上19200，台積電股價創新高來到720，市值最高超過18.64兆元 - Yahoo奇摩股市
2024-03-04 02:03,2330,Yahoo奇摩新聞,「拉積盤」再現！台積電飆26元到715天價開盤衝破萬九雙雙創新高 - Yahoo奇摩新聞
2024-03-04 02:03,2330,Yahoo奇摩新聞,台積電「飆到720元」暴漲31元！股民驚呆：709T才2週就退伍 - Yahoo奇摩新聞
2024-03-04 02:09,2330,Yahoo奇摩股市,台積電720新天價還可追嗎？專家：別追高、也不要放空 - Yahoo奇摩股市
2024-03-04 02:16,2330,ETtoday財經雲,台積電股價720元創新高 張忠謀身價突破900億元 - ETtoday財經雲
2024-03-04 02:20,2330,聯合新聞網,台積電攜大盤雙雙創下歷史新高 法人維持買進評等 - 聯合新聞網
2024-03-04 03:00,2330,ETtoday財經雲,台股衝破19300新高！台積電再刷725元天價 金管會：AI族群助漲有功 - ETtoday財經雲
2024-03-04 03:21,2330,聯合新聞網,台積電噴出 三檔供應鏈化工股齊大漲 - 聯合新聞網
2024-03-04 03:33,2330,Yahoo奇摩股市,台積電盤中市值增逾9000億台股站上61兆長胖1.2兆元 - Yahoo奇摩股市
2024-03-04 03:36,2330,豐雲學堂,台積電漲半根停板貢獻台股250點市值18.68兆元飆新高| 豐雲學堂 - 豐雲學堂
2024-03-04 03:51,2330,Yahoo奇摩股市,台積電登高一呼，半導體類股連番走揚 - Yahoo奇摩股市
2024-03-04 04:05,2330,Yahoo奇摩新聞,叫爸媽688元入場！台積電3天「暴漲至725元」財經網美爽成大孝女 - Yahoo奇摩新聞
2024-03-04 05:05,2330,Yahoo奇摩新聞,台積電衝725元！AI、網通大爆發台股噴漲近400點「創19333新高」 - Yahoo奇摩新聞
2024-03-04 05:16,2330,聯合新聞網,台積電飆漲創新高 這檔概念股亮燈漲停衝上天價 - 聯合新聞網
2024-03-04 05:37,2330,ETtoday財經雲,快訊／台積電創天價收725 台股大漲369點至19305點 - ETtoday財經雲
2024-03-04 05:48,2330,Yahoo奇摩股市,飆新高！台積電收725元創歷史新天價市值站上18.8兆元 - Yahoo奇摩股市
2024-03-04 05:51,2330,Yahoo奇摩股市,台積電大漲36元以725元寫新天價台股19305點創新高 - Yahoo奇摩股市
2024-03-04 06:35,2330,Yahoo奇摩新聞,預言台積電再創新高...今飆725元天價！謝金河：台灣在世界角力核心 - Yahoo奇摩新聞
2024-03-04 06:56,2330,聯合新聞網,"台積電最後一盤爆6,124張買單收725元天價 市值18.8兆 - 聯合新聞網"
2024-03-04 07:01,2330,Yahoo奇摩新聞,〈台股盤後〉台積電射出穿雲箭電子權值股齊推指數收漲369點 - Yahoo奇摩新聞
2024-03-04 07:18,2330,Yahoo奇摩新聞,台積電領軍台股盤中創新高19333 三大法人買超444.74億元 - Yahoo奇摩新聞
2024-03-04 07:24,2330,聯合新聞網,台積電（2330）設廠為何能帶動周邊房價？ 他：市場正在做嘉義高鐵站成下一個青埔的夢| 聯合新聞網 - 聯合新聞網
2024-03-04 07:29,2330,聯合新聞網,台股、櫃買、台積電創歷史新高健策、弘塑、鈊象成「九百元三劍客」 | 聯合新聞網 - 聯合新聞網
2024-03-04 07:33,2330,Yahoo奇摩新聞,台積電飆至725天價！AI、電子百花齊放台股強噴369點「19305收場」 - Yahoo奇摩新聞
2024-03-04 07:41,2330,聯合新聞網,台積電帶領台股大漲369點 三大法人買超444億元 - 聯合新聞網
2024-03-04 08:11,2330,聯合新聞網,張忠謀退休後若1股台積電都沒賣身價暴增至907億元| 聯合新聞網 - 聯合新聞網
2024-03-04 08:36,2330,商周財富網,台積電創新高！給小孩的大紅包：定期定額台積電、0050，存股2年績效大公開 - 商周財富網
2024-03-04 08:52,2330,聯合新聞網,台積電飆上725元天價繼續抱？ 法人：「1類人」先獲利了結 - 聯合新聞網
2024-03-04 09:20,2330,Yahoo奇摩股市,外資加碼不手軟台積電飆725元天價 - Yahoo奇摩股市
2024-03-04 09:23,2330,聯合新聞網,外資買超最多居然不是台積電 而是這檔ETF - 聯合新聞網
2024-03-04 09:23,2330,聯合新聞網,台股創新高！外資買超最多居然不是台積電高股息ETF霸榜| 聯合新聞網 - 聯合新聞網
2024-03-04 10:00,2330,Yahoo奇摩股市,外資期現貨大作多推台股創新高買超台積電單一個股358億元 - Yahoo奇摩股市
2024-03-04 11:00,2330,Yahoo奇摩新聞,搶著入伍！外資吃錯藥爆買「5萬張台積電」 「這檔」被錢砸到漲停鎖死 - Yahoo奇摩新聞
2024-03-04 12:03,2330,ETtoday財經雲,「狂掃5萬張」把台積電買到725元 外資買超最多是高股息ETF - ETtoday財經雲
2024-03-04 13:30,2330,Yahoo奇摩新聞,大爆買大滿足！台積電獲三大法人近5萬張買進「這檔」獲進補也破3萬張 - Yahoo奇摩新聞
2024-03-04 14:00,2330,Yahoo奇摩新聞,台積電暴衝攔不住！八大官股狂賺「倒貨65億元」 鴻海也成提款機 - Yahoo奇摩新聞
2024-03-04 15:21,2330,聯合新聞網,美股早盤普遍走軟 台積電ADR逆勢大漲5% - 聯合新聞網
2024-03-04 20:10,2330,Yahoo奇摩股市,台積電、聯電漲聲響起 - Yahoo奇摩股市
2024-03-04 21:10,2330,Anue鉅亨,〈台股盤前要聞〉台積電唯我獨尊、外資狂買5萬張、台股創新高後還有戲| Anue鉅亨- 台股 - Anue鉅亨
2024-03-04 23:35,2330,聯合新聞網,台積電「殖利率低」沒啥好買？網曝最賺做法：股價能飆到1500元 - 聯合新聞網
2024-03-05 01:02,2330,ETtoday財經雲,快訊／台積電漲10元至735續創高 指數漲逾百點衝破19413寫歷史 - ETtoday財經雲
2024-03-05 01:07,2330,今周刊-在今天看見明天,台積電(2330)創738元天價可以買？股民該續抱還是獲利了結？阮慕驊拆解股價2大關鍵：我會這樣做 - 今周刊-在今天看見明天
2024-03-05 01:10,2330,MSN,快訊／台積電漲10元！台股開盤漲逾百點指數衝19413點新高 - MSN
2024-03-05 01:14,2330,今周刊-在今天看見明天,台股漲百點攻上19400、台積電(2330)735元天價好狂！2萬點大關前怎麼攻防？這心法先收下 - 今周刊-在今天看見明天
2024-03-05 01:23,2330,Yahoo奇摩新聞,台積電再創735天價！攜手AI股齊漲台股飆上19433點再創新高 - Yahoo奇摩新聞
2024-03-05 01:43,2330,東森新聞,快訊／台積電持續發威 股價再創新高 - 東森新聞
2024-03-05 01:49,2330,Yahoo奇摩股市,台積電攀735元台股早盤漲逾百點雙創高 - Yahoo奇摩股市
2024-03-05 01:53,2330,聯合新聞網,台積電衝上738元再創天價 市值飆上19兆新高 - 聯合新聞網
2024-03-05 01:56,2330,Yahoo奇摩新聞,台積電又飆735元新天價專家喊別追價：短線將面臨沉重賣壓 - Yahoo奇摩新聞
2024-03-05 01:57,2330,Yahoo奇摩股市,台積電又飆738元新天價、市值破19兆專家喊別追價 - Yahoo奇摩股市
2024-03-05 02:20,2330,旺得富,《金融》陳（沖）：台積電是黑船2.0 翻轉日本失落卅年？ - 旺得富
2024-03-05 02:37,2330,雅虎香港新聞,台積電股價飆！高雄楠梓329檔期推案破150億 - 雅虎香港新聞
2024-03-05 02:50,2330,ETtoday財經雲,跟台積電一起飛！16檔ETF笑呵呵 0052含積量6成賺最多 - ETtoday財經雲
2024-03-05 02:57,2330,ETtoday財經雲,台積電征日 前閣揆點出3關鍵翻轉失落30年 - ETtoday財經雲
2024-03-05 03:00,2330,Yahoo奇摩新聞,台積電再飆至735元創天價！台股漲逾百點市值衝破19兆 - Yahoo奇摩新聞
2024-03-05 03:07,2330,ETtoday財經雲,連2天刷新天價！26年前買台積電「他公布對帳單」 全場羨慕了 - ETtoday財經雲
2024-03-05 03:11,2330,Yahoo奇摩股市,15檔ETF台積電、聯發科一次擁有這檔比重占六成最多 - Yahoo奇摩股市
2024-03-05 04:24,2330,Yahoo奇摩股市,台積電飆近800元！他好奇巴菲特「清光GG」在想什麼網調侃：都怪八卦仔 - Yahoo奇摩股市
2024-03-05 04:38,2330,聯合新聞網,最強AI股台積電飆天價 晟銘電、富驊領軍機殼股大漲 - 聯合新聞網
2024-03-05 05:25,2330,Yahoo奇摩股市,台積電「殖利率好低」誰要捧？內行曝最賺投資法網一票推：衣食父母 - Yahoo奇摩股市
2024-03-05 05:31,2330,Yahoo奇摩股市,輝達、台積電大漲前減碼伍德操盤的ETF全遭拋售 - Yahoo奇摩股市
2024-03-05 05:46,2330,Yahoo奇摩新聞,「台積電是黑船2.0」翻轉日本失落30年？ 陳冲揭3關鍵 - Yahoo奇摩新聞
2024-03-05 05:50,2330,Yahoo奇摩新聞,台股收盤／台積電尾盤爆量收斂漲幅！漲5元至730 指數收在19386點 - Yahoo奇摩新聞
2024-03-05 05:53,2330,Yahoo奇摩股市,台積電狂飆新高價！他25年前買2張「公開驚人損益」 - Yahoo奇摩股市
2024-03-05 06:10,2330,聯合新聞網,「零成本」台積電（2330）是何時買入持有呢？ 他估算：大概要抱長達27年| 聯合新聞網 - 聯合新聞網
2024-03-05 06:20,2330,Yahoo奇摩新聞,〈台股盤後〉台股漲多尾盤遇伏台積電遭摜壓漲幅收斂漲81點 - Yahoo奇摩新聞
2024-03-05 08:25,2330,Yahoo奇摩股市,AI點火助工！台積電「最後一盤」遇賣壓台股收漲81點「19400點未攻下」 - Yahoo奇摩股市
2024-03-05 09:09,2330,聯合新聞網,台積電再創新高價！含「積」量高、ETF沾光| 聯合新聞網 - 聯合新聞網
2024-03-05 09:17,2330,Yahoo奇摩新聞,台積電再創新高738元尾盤賣壓湧19400得而復失 - Yahoo奇摩新聞
2024-03-05 09:21,2330,旺得富,《證交所》今日單一證券鉅額成交股票：強盛、聯電、台積電 - 旺得富
2024-03-05 09:29,2330,Yahoo奇摩股市,台積電股價飆不停10檔含「積」ETF沾光創新高 - Yahoo奇摩股市
2024-03-05 09:34,2330,理財周刊,台積電（2330）衝上歷史高價15檔高「含積量」ETF一次看 - 理財周刊
2024-03-05 09:40,2330,聯合新聞網,25年前買2張台積電！他曝光家人對帳單 網見損益驚喊「直接退休」 - 聯合新聞網
2024-03-05 09:42,2330,Yahoo奇摩新聞,外資加碼不手軟再加碼台積電7000張以上 - Yahoo奇摩新聞
2024-03-05 10:30,2330,Anue鉅亨,美超微一年股價暴漲十倍 除台積電外 還有誰受惠? - Anue鉅亨
2024-03-05 10:51,2330,豐雲學堂,台積電漲半根停板貢獻台股250點市值18.68兆元飆新高| 豐雲學堂 - 豐雲學堂
2024-03-05 14:00,2330,Yahoo奇摩股市,國家隊不手軟！台積電遭八大官股「倒破15億」 遠東銀亮燈鎖死也遭出貨 - Yahoo奇摩股市